Address:,USB0::0x0957::0x179B::MY59127617::0::INSTR,,Analog Channels,,,
Model:,DSO-X 2002A,,Time (s),1 (VOLT),2 (VOLT),
Serial Number:,MY59127617,,-0.025,-0.347236136964057,0.0471985053736717,
Firmware Version:,02.50.2019022736,,-0.0249479166675,-0.346733624464832,0.0506155907642096,
Start Time:,2023-04-20 15:19:23.471,,-0.024895833335,-0.346231111965608,0.0386557918973267,
,,,-0.0248437500025,-0.346231111965608,0.0352387065067887,
Analog Sample Count:,960,,-0.02479166667,-0.345728599466383,0.0326758924638852,
Function Sample Count:,0,,-0.0247395833375,-0.344723574467935,0.0181532795540988,
Waveform Memory Sample Count:,0,,-0.024687500005,-0.344723574467935,0.0181532795540988,
Digital Sample Count:,0,,-0.0246354166725,-0.34422106196871,0.0155904655111954,
,,,-0.02458333334,-0.343216036970261,0.0130276514682919,
Setup Text Information:,,,-0.0245312500075,-0.342713524471037,0.0164447368588299,
ANALOG,,,-0.024479166675,-0.342211011971813,0.00448493799194694,
Channel 1,,,-0.0244270833425,-0.341205986973364,0.0096105660777539,
Scale,200 mV/,,-0.02437500001,-0.34070347447414,0.00704775203485042,
Pos,0 V,,-0.0243229166775,-0.340200961974915,-0.0151633030036464,
Coup,,,-0.024270833345,-0.339698449475691,-0.00149496144149452,
BW,Off,,-0.0242187500125,-0.338693424477242,-0.00405777548439801,
Inv,Off,,-0.02416666668,-0.338190911978018,-0.010891946265474,
Imp,1M Ohm,,-0.0241145833475,-0.337688399478793,-0.0194346597418189,
Trace Label,1,,-0.024062500015,-0.337185886979569,-0.0194346597418189,
Probe,1,,-0.0240104166825,-0.33618086198112,-0.0331030013039708,
Skew,0 s,,-0.02395833335,-0.335678349481896,-0.0168718456989154,
,,,-0.0239062500175,-0.334673324483447,-0.0245602878276259,
Channel 2,,,-0.023854166685,-0.334170811984222,-0.0279773732181638,
Scale,340 mV/,,-0.0238020833525,-0.333165786985774,-0.0348115439992398,
Pos,807.5 mV,,-0.02375000002,-0.332160761987325,-0.0365200866945088,
Coup,,,-0.0236979166875,-0.3316582494881,-0.0373743580421433,
BW,Off,,-0.023645833355,-0.330653224489652,-0.0313944586087018,
Inv,Off,,-0.0235937500225,-0.330150711990427,-0.0339572726516053,
Imp,1M Ohm,,-0.02354166669,-0.329145686991978,-0.0382286293897778,
Trace Label,2,,-0.0234895833575,-0.32814066199353,-0.0382286293897778,
Probe,1,,-0.023437500025,-0.327638149494305,-0.0442085288232192,
Skew,0 s,,-0.0233854166925,-0.326633124495856,-0.0442085288232192,
,,,-0.02333333336,-0.325125586998183,-0.0476256142137572,
MATH,,,-0.0232812500275,-0.324623074498959,-0.0399371720850468,
REFERENCE WAVEFORM,,,-0.023229166695,-0.323115537001286,-0.0433542574755847,
TRIGGER,,,-0.0231770833625,-0.321607999503613,-0.0604396844282746,
Sweep Mode,AUTO,,-0.02312500003,-0.320100462005939,-0.0604396844282746,
Coup,DC,,-0.0230729166975,-0.318592924508266,-0.0672738552093506,
Noise Rej,Off,,-0.023020833365,-0.316080362012144,-0.0587311417330056,
HF Rej,Off,,-0.0229687500325,-0.314070312015247,-0.0595854130806401,
Holdoff,40.0 ns,,-0.0229166667,-0.312060262018349,-0.0689823979046196,
Mode,EDGE,,-0.0228645833675,-0.309547699522227,-0.0518969709519297,
Source,CHAN1,,-0.022812500035,-0.306532624526881,-0.0595854130806401,
Slope,POS,,-0.0227604167025,-0.30301503703231,-0.0527512422995642,
Level,-8.23 mV V,,-0.02270833337,-0.299497449537739,-0.0689823979046196,
,,,-0.0226562500375,-0.295477349543944,-0.0706909405998886,
HORIZONTAL,,,-0.022604166705,-0.291457249550149,-0.0715452119475231,
Mode,MAIN,,-0.0225520833725,-0.287437149556354,-0.0758165686856955,
Ref,CENT,,-0.02250000004,-0.282914537063334,-0.0698366692522541,
Main Scale,5 ms/,,-0.0224479167075,-0.278391924570315,-0.0612939557759091,
Main Delay,0 s,,-0.022395833375,-0.273869312077295,-0.074962297338061,
,,,-0.0223437500425,-0.268844187085051,-0.0741080259904265,
ACQUISITION,,,-0.02229166671,-0.264321574592032,-0.0595854130806401,
Mode,HRES,,-0.0222395833775,-0.259296449599788,-0.0578768703853711,
RealTime,On,,-0.022187500045,-0.254271324607544,-0.0698366692522541,
Vectors,On,,-0.0221354167125,-0.2492461996153,-0.0527512422995642,
Persistence,Off,,-0.02208333338,-0.244221074623056,-0.0612939557759091,
,,,-0.0220312500475,-0.238693437131587,-0.0647110411664471,
MEASUREMENTS,,,-0.021979166715,-0.233165799640119,-0.0570225990377367,
Maximum(1),,,-0.0219270833825,-0.227638162148651,-0.0587311417330056,
Cur,0.347 V,,-0.02187500005,-0.222110524657182,-0.0672738552093506,
,,,-0.0218229167175,-0.216582887165714,-0.0604396844282746,
Minimum(1),,,-0.021770833385,-0.210552737175021,-0.0536055136471987,
Cur,-0.347 V,,-0.0217187500525,-0.205527612182777,-0.0578768703853711,
,,,-0.02166666672,-0.199999974691309,-0.0595854130806401,
,,,-0.0216145833875,-0.194472337199841,-0.0578768703853711,
,,,-0.021562500055,-0.188944699708372,-0.0442085288232192,
,,,-0.0215104167225,-0.183919574716128,-0.0493341569090262,
,,,-0.02145833339,-0.17839193722466,-0.0459170715184882,
,,,-0.0214062500575,-0.172864299733192,-0.0442085288232192,
,,,-0.021354166725,-0.167839174740948,-0.0561683276901022,
,,,-0.0213020833925,-0.162311537249479,-0.0544597849948332,
,,,-0.02125000006,-0.157286412257235,-0.0476256142137572,
,,,-0.0211979167275,-0.151758774765767,-0.0399371720850468,
,,,-0.021145833395,-0.146231137274299,-0.0416457147803158,
,,,-0.0210937500625,-0.141206012282055,-0.0399371720850468,
,,,-0.02104166673,-0.135678374790587,-0.0390829007374123,
,,,-0.0209895833975,-0.130150737299118,-0.0382286293897778,
,,,-0.020937500065,-0.125125612306874,-0.0518969709519297,
,,,-0.0208854167325,-0.119597974815406,-0.0407914434326813,
,,,-0.0208333334,-0.114070337323938,-0.0331030013039708,
,,,-0.0207812500675,-0.108542699832469,-0.0399371720850468,
,,,-0.020729166735,-0.103517574840225,-0.0467713428661227,
,,,-0.0206770834025,-0.0984924498479813,-0.0348115439992398,
,,,-0.02062500007,-0.0934673248557374,-0.0382286293897778,
,,,-0.0205729167375,-0.0884421998634934,-0.0399371720850468,
,,,-0.020520833405,-0.0834170748712495,-0.0339572726516053,
,,,-0.0204687500725,-0.0783919498790056,-0.0313944586087018,
,,,-0.02041666674,-0.0728643123875372,-0.0382286293897778,
,,,-0.0203645834075,-0.0673366748960689,-0.0390829007374123,
,,,-0.020312500075,-0.0623115499038249,-0.0245602878276259,
,,,-0.0202604167425,-0.0567839124123566,-0.0305401872610673,
,,,-0.02020833341,-0.0512562749208882,-0.0356658153468743,
,,,-0.0201562500775,-0.0457286374294199,-0.0254145591752604,
,,,-0.020104166745,-0.040703512437176,-0.0219974737847224,
,,,-0.0200520834125,-0.0351758749457076,-0.0313944586087018,
,,,-0.02000000008,-0.0301507499534637,-0.0407914434326813,
,,,-0.0199479167475,-0.0251256249612197,-0.0305401872610673,
,,,-0.019895833415,-0.019095474970527,-0.0245602878276259,
,,,-0.0198437500825,-0.0135678374790587,-0.0305401872610673,
,,,-0.01979166675,-0.00753768748836592,-0.0237060164799914,
,,,-0.0197395834175,-0.00150753749767318,-0.0313944586087018,
,,,-0.019687500085,0.00502512499224395,-0.0254145591752604,
,,,-0.0196354167525,0.0105527624837123,-0.0348115439992398,
,,,-0.01958333342,0.016582912474405,-0.0407914434326813,
,,,-0.0195312500875,0.0226130624650978,-0.0160175743512809,
,,,-0.019479166755,0.0286432124557905,-0.0262688305228949,
,,,-0.0194270834225,0.0351758749457076,-0.0211432024370879,
,,,-0.01937500009,0.0412060249364004,-0.0168718456989154,
,,,-0.0193229167575,0.0472361749270931,-0.012600488960743,
,,,-0.019270833425,0.0532663249177858,-0.0262688305228949,
,,,-0.0192187500925,0.0582914499100298,-0.0143090316560119,
,,,-0.01916666676,0.0648241123999469,-0.0296859159134328,
,,,-0.0191145834275,0.0708542623906396,-0.0262688305228949,
,,,-0.019062500095,0.076381899882108,-0.0279773732181638,
,,,-0.0190104167625,0.0814070248743519,-0.0296859159134328,
,,,-0.01895833343,0.0869346623658203,-0.0245602878276259,
,,,-0.0189062500975,0.0924622998572886,-0.0194346597418189,
,,,-0.018854166765,0.0979899373487569,-0.0288316445657983,
,,,-0.0188020834325,0.103517574840225,-0.0194346597418189,
,,,-0.0187500001,0.108542699832469,-0.0228517451323569,
,,,-0.0186979167675,0.113567824824713,-0.0228517451323569,
,,,-0.018645833435,0.118592949816957,-0.0160175743512809,
,,,-0.0185937501025,0.124120587308425,-0.012600488960743,
,,,-0.01854166677,0.129145712300669,-0.0160175743512809,
,,,-0.0184895834375,0.134170837292913,-0.00662058952730149,
,,,-0.018437500105,0.139195962285157,-0.00747486087493598,
,,,-0.0183854167725,0.144221087277401,-0.005766318179667,
,,,-0.01833333344,0.149246212269645,-0.0185803883941844,
,,,-0.0182812501075,0.153768824762665,-0.0160175743512809,
,,,-0.018229166775,0.158793949754909,-0.00320350413676351,
,,,-0.0181770834425,0.163819074747153,-0.010891946265474,
,,,-0.01812500011,0.168341687240172,-0.00662058952730149,
,,,-0.0180729167775,0.173366812232416,-0.005766318179667,
,,,-0.018020833445,0.17839193722466,-0.0160175743512809,
,,,-0.0179687501125,0.183417062216904,-0.0211432024370879,
,,,-0.01791666678,0.187939674709924,-0.0160175743512809,
,,,-0.0178645834475,0.192964799702168,-0.0100376749178395,
,,,-0.017812500115,0.197487412195187,-0.00747486087493598,
,,,-0.0177604167825,0.202512537187431,-0.0117462176131085,
,,,-0.01770833345,0.207035149680451,-0.00662058952730149,
,,,-0.0176562501175,0.212060274672695,-0.00405777548439801,
,,,-0.017604166785,0.216582887165714,-0.00405777548439801,
,,,-0.0175520834525,0.221608012157958,-0.0143090316560119,
,,,-0.01750000012,0.226130624650978,-0.005766318179667,
,,,-0.0174479167875,0.230150724644773,0.00704775203485042,
,,,-0.017395833455,0.234673337137792,-0.0100376749178395,
,,,-0.0173437501225,0.239195949630812,-0.00320350413676351,
,,,-0.01729166679,0.243216049624607,-0.012600488960743,
,,,-0.0172395834575,0.247738662117627,-0.00320350413676351,
,,,-0.017187500125,0.251758762111422,-0.00320350413676351,
,,,-0.0171354167925,0.255276349605992,-0.00234923278912902,
,,,-0.01708333346,0.259296449599788,0.00363066664431244,
,,,-0.0170312501275,0.262814037094358,0.00790202338248491,
,,,-0.016979166795,0.266834137088154,0.0181532795540988,
,,,-0.0169270834625,0.270351724582724,0.0138819228159264,
,,,-0.01687500013,0.274371824576519,0.00533920933958143,
,,,-0.0168229167975,0.27788941207109,-0.00149496144149452,
,,,-0.016770833465,0.281406999565661,0.00790202338248491,
,,,-0.0167187501325,0.284924587060232,0.0258417216828093,
,,,-0.0166666668,0.288944687054027,0.00790202338248491,
,,,-0.0166145834675,0.292462274548598,0.0198618222493678,
,,,-0.016562500135,0.295979862043168,0.0113191087730229,
,,,-0.0165104168025,0.298994937038515,0.0172990082064644,
,,,-0.01645833347,0.302512524533086,0.0352387065067887,
,,,-0.0164062501375,0.306030112027656,0.0301130784209818,
,,,-0.016354166805,0.309045187023003,0.0224246362922713,
,,,-0.0163020834725,0.312060262018349,0.0403643345925957,
,,,-0.01625000014,0.315075337013695,0.0463442340260372,
,,,-0.0161979168075,0.317587899509817,0.0352387065067887,
,,,-0.016145833475,0.320100462005939,0.0275502643780783,
,,,-0.0160937501425,0.322613024502061,0.0574497615452856,
,,,-0.01604166681,0.325125586998183,0.0429271486354992,
,,,-0.0159895834775,0.327638149494305,0.0506155907642096,
,,,-0.015937500145,0.330150711990427,0.0471985053736717,
,,,-0.0158854168125,0.332160761987325,0.0617211182834581,
,,,-0.01583333348,0.334170811984222,0.0608668469358236,
,,,-0.0157812501475,0.335678349481896,0.071972374455072,
,,,-0.015729166815,0.337185886979569,0.077098002540879,
,,,-0.0156770834825,0.338693424477242,0.0830779019743204,
,,,-0.01562500015,0.340200961974915,0.0882035300601274,
,,,-0.0155729168175,0.341708499472588,0.0967462435364723,
,,,-0.015520833485,0.342713524471037,0.0924748867982998,
,,,-0.0154687501525,0.343718549469486,0.0958919721888378,
,,,-0.01541666682,0.34422106196871,0.0890578014077619,
,,,-0.0153645834875,0.345226086967159,0.0916206154506654,
,,,-0.015312500155,0.345728599466383,0.10016332892701,
,,,-0.0152604168225,0.345728599466383,0.0967462435364723,
,,,-0.01520833349,0.346231111965608,0.0839321733219549,
,,,-0.0151562501575,0.346231111965608,0.0805150879314169,
,,,-0.015104166825,0.346231111965608,0.07538945984561,
,,,-0.0150520834925,0.346231111965608,0.0762437311932445,
,,,-0.01500000016,0.346231111965608,0.071972374455072,
,,,-0.0149479168275,0.345728599466383,0.068555289064534,
,,,-0.014895833495,0.345728599466383,0.0677010177168995,
,,,-0.0148437501625,0.345226086967159,0.0574497615452856,
,,,-0.01479166683,0.344723574467935,0.0540326761547476,
,,,-0.0147395834975,0.344723574467935,0.0386557918973267,
,,,-0.014687500165,0.343718549469486,0.0446356913307682,
,,,-0.0146354168325,0.343718549469486,0.0309673497686163,
,,,-0.0145833335,0.343216036970261,0.0232789076399058,
,,,-0.0145312501675,0.342211011971813,0.0232789076399058,
,,,-0.014479166835,0.341708499472588,0.0130276514682919,
,,,-0.0144270835025,0.341205986973364,0.0138819228159264,
,,,-0.01437500017,0.34070347447414,0.0138819228159264,
,,,-0.0143229168375,0.339698449475691,0.00875629473011941,
,,,-0.014270833505,0.339698449475691,0.00533920933958143,
,,,-0.0142187501725,0.338693424477242,0.00790202338248491,
,,,-0.01416666684,0.338190911978018,0.00533920933958143,
,,,-0.0141145835075,0.337185886979569,-0.00747486087493598,
,,,-0.014062500175,0.336683374480344,-0.0151633030036464,
,,,-0.0140104168425,0.33618086198112,-0.0160175743512809,
,,,-0.01395833351,0.335175836982671,-0.0177261170465499,
,,,-0.0139062501775,0.334170811984222,-0.0151633030036464,
,,,-0.013854166845,0.333668299484998,-0.00747486087493598,
,,,-0.0138020835125,0.333165786985774,-0.0262688305228949,
,,,-0.01375000018,0.332160761987325,-0.0185803883941844,
,,,-0.0136979168475,0.3316582494881,-0.0254145591752604,
,,,-0.013645833515,0.331155736988876,-0.0279773732181638,
,,,-0.0135937501825,0.330150711990427,-0.0279773732181638,
,,,-0.01354166685,0.329145686991978,-0.0288316445657983,
,,,-0.0134895835175,0.32814066199353,-0.0288316445657983,
,,,-0.013437500185,0.327638149494305,-0.0262688305228949,
,,,-0.0133854168525,0.326633124495856,-0.0262688305228949,
,,,-0.01333333352,0.325628099497408,-0.0313944586087018,
,,,-0.0132812501875,0.324120561999734,-0.0262688305228949,
,,,-0.013229166855,0.32361804950051,-0.0399371720850468,
,,,-0.0131770835225,0.322613024502061,-0.0407914434326813,
,,,-0.01312500019,0.321105487004388,-0.0612939557759091,
,,,-0.0130729168575,0.319597949506715,-0.0450628001708537,
,,,-0.013020833525,0.317587899509817,-0.0501884282566607,
,,,-0.0129687501925,0.316080362012144,-0.0595854130806401,
,,,-0.01291666686,0.313567799516022,-0.0501884282566607,
,,,-0.0128645835275,0.311557749519125,-0.0630024984711781,
,,,-0.012812500195,0.308542674523778,-0.0484798855613917,
,,,-0.0127604168625,0.305527599528432,-0.0578768703853711,
,,,-0.01270833353,0.302512524533086,-0.0595854130806401,
,,,-0.0126562501975,0.29849242453929,-0.0647110411664471,
,,,-0.012604166865,0.29497483704472,-0.0638567698188126,
,,,-0.0125520835325,0.290954737050924,-0.0715452119475231,
,,,-0.0125000002,0.286432124557905,-0.0630024984711781,
,,,-0.0124479168675,0.281909512064885,-0.0536055136471987,
,,,-0.012395833535,0.277386899571866,-0.0681281265569851,
,,,-0.0123437502025,0.272361774579622,-0.0612939557759091,
,,,-0.01229166687,0.267336649587378,-0.0638567698188126,
,,,-0.0122395835375,0.26180901209591,-0.0621482271235436,
,,,-0.012187500205,0.256783887103666,-0.0484798855613917,
,,,-0.0121354168725,0.251758762111422,-0.0595854130806401,
,,,-0.01208333354,0.246231124619953,-0.0561683276901022,
,,,-0.0120312502075,0.240703487128485,-0.0612939557759091,
,,,-0.011979166875,0.235175849637017,-0.0578768703853711,
,,,-0.0119270835425,0.229648212145548,-0.0621482271235436,
,,,-0.01187500021,0.22412057465408,-0.0561683276901022,
,,,-0.0118229168775,0.218592937162612,-0.0518969709519297,
,,,-0.011770833545,0.213567812170368,-0.0493341569090262,
,,,-0.0117187502125,0.208040174678899,-0.0536055136471987,
,,,-0.01166666688,0.202512537187431,-0.0630024984711781,
,,,-0.0116145835475,0.196984899695963,-0.0322487299563363,
,,,-0.011562500215,0.191959774703719,-0.0536055136471987,
,,,-0.0115104168825,0.186934649711475,-0.0416457147803158,
,,,-0.01145833355,0.181407012220006,-0.0459170715184882,
,,,-0.0114062502175,0.175879374728538,-0.0373743580421433,
,,,-0.011354166885,0.17035173723707,-0.0271231018705294,
,,,-0.0113020835525,0.164824099745601,-0.0399371720850468,
,,,-0.01125000022,0.159798974753357,-0.0510426996042952,
,,,-0.0111979168875,0.154773849761114,-0.0279773732181638,
,,,-0.011145833555,0.148743699770421,-0.0476256142137572,
,,,-0.0110937502225,0.143718574778177,-0.0382286293897778,
,,,-0.01104166689,0.138693449785933,-0.0442085288232192,
,,,-0.0109895835575,0.133165812294465,-0.0219974737847224,
,,,-0.010937500225,0.127638174802996,-0.0271231018705294,
,,,-0.0108854168925,0.122110537311528,-0.0399371720850468,
,,,-0.01083333356,0.11658289982006,-0.0271231018705294,
,,,-0.0107812502275,0.111055262328591,-0.0219974737847224,
,,,-0.010729166895,0.106030137336347,-0.0373743580421433,
,,,-0.0106770835625,0.101005012344103,-0.0271231018705294,
,,,-0.01062500023,0.0959798873518594,-0.0296859159134328,
,,,-0.0105729168975,0.090452249860391,-0.0202889310894534,
,,,-0.010520833565,0.0859296373673715,-0.0151633030036464,
,,,-0.0104687502325,0.0804019998759031,-0.0254145591752604,
,,,-0.0104166669,0.0758793873828836,-0.0313944586087018,
,,,-0.0103645835675,0.0708542623906396,-0.0288316445657983,
,,,-0.010312500235,0.0653266248991713,-0.0194346597418189,
,,,-0.0102604169025,0.059798987407703,-0.0262688305228949,
,,,-0.01020833357,0.054773862415459,-0.0177261170465499,
,,,-0.0101562502375,0.0492462249239907,-0.0245602878276259,
,,,-0.010104166905,0.0442210999317467,-0.0245602878276259,
,,,-0.0100520835725,0.038190949941054,-0.0407914434326813,
,,,-0.01000000024,0.0321607999503613,-0.0219974737847224,
,,,-0.0099479169075,0.0266331624588929,-0.0185803883941844,
,,,-0.009895833575,0.0206030124682002,-0.0194346597418189,
,,,-0.0098437502425,0.0150753749767318,-0.0211432024370879,
,,,-0.00979166691,0.0095477374852635,-0.0177261170465499,
,,,-0.0097395835775,0.00402009999379516,-0.0143090316560119,
,,,-0.009687500245,-0.00251256249612197,-0.0160175743512809,
,,,-0.0096354169125,-0.00854271248681471,-0.0211432024370879,
,,,-0.00958333358,-0.0150753749767318,-0.0254145591752604,
,,,-0.0095312502475,-0.0211055249674246,-0.0211432024370879,
,,,-0.009479166915,-0.0266331624588929,-0.0143090316560119,
,,,-0.0094270835825,-0.0321607999503613,-0.0194346597418189,
,,,-0.00937500025,-0.0376884374418296,-0.0288316445657983,
,,,-0.0093229169175,-0.0432160749332979,-0.0194346597418189,
,,,-0.009270833585,-0.0497487374232151,-0.0151633030036464,
,,,-0.0092187502525,-0.0552763749146834,-0.0177261170465499,
,,,-0.00916666692,-0.0608040124061517,-0.0117462176131085,
,,,-0.0091145835875,-0.0673366748960689,-0.0151633030036464,
,,,-0.009062500255,-0.0733668248867616,-0.0160175743512809,
,,,-0.0090104169225,-0.0788944623782299,-0.0117462176131085,
,,,-0.00895833359,-0.0844220998696983,-0.0211432024370879,
,,,-0.0089062502575,-0.0894472248619422,-0.00918340357020497,
,,,-0.008854166925,-0.0949748623534106,-0.010891946265474,
,,,-0.0088020835925,-0.0999999873456545,-0.0211432024370879,
,,,-0.00875000026,-0.105527624837123,-0.0202889310894534,
,,,-0.0086979169275,-0.110552749829367,-0.0211432024370879,
,,,-0.008645833595,-0.116080387320835,-0.0151633030036464,
,,,-0.0085937502625,-0.121608024812303,-0.0254145591752604,
,,,-0.00854166693,-0.126633149804547,-0.0245602878276259,
,,,-0.0084895835975,-0.131658274796791,-0.0049120468320325,
,,,-0.008437500265,-0.136683399789035,-0.0143090316560119,
,,,-0.0083854169325,-0.142211037280504,-0.00832913222257048,
,,,-0.0083333336,-0.146733649773523,-0.010891946265474,
,,,-0.0082812502675,-0.151758774765767,-0.00747486087493598,
,,,-0.008229166935,-0.156783899758011,-0.0134547603083774,
,,,-0.0081770836025,-0.161809024750255,-0.0202889310894534,
,,,-0.00812500027,-0.166834149742499,-0.0143090316560119,
,,,-0.0080729169375,-0.171356762235519,-0.0134547603083774,
,,,-0.008020833605,-0.176381887227762,-0.010891946265474,
,,,-0.0079687502725,-0.180904499720782,0.00106785260140896,
,,,-0.00791666694,-0.185427112213802,0.00106785260140896,
,,,-0.0078645836075,-0.190452237206046,-0.00918340357020497,
,,,-0.007812500275,-0.194974849699065,-0.00918340357020497,
,,,-0.0077604169425,-0.199999974691309,-0.0100376749178395,
,,,-0.00770833361,-0.205025099683553,-0.005766318179667,
,,,-0.0076562502775,-0.210050224675797,-0.0117462176131085,
,,,-0.007604166945,-0.215075349668041,-0.005766318179667,
,,,-0.0075520836125,-0.21959796216106,-0.00747486087493598,
,,,-0.00750000028,-0.224623087153304,-0.00832913222257048,
,,,-0.0074479169475,-0.229145699646324,-0.00234923278912902,
,,,-0.007395833615,-0.233668312139343,-0.00234923278912902,
,,,-0.0073437502825,-0.237688412133139,-0.00918340357020497,
,,,-0.00729166695,-0.242713537125383,-0.00320350413676351,
,,,-0.0072395836175,-0.246733637119178,-0.00405777548439801,
,,,-0.007187500285,-0.250753737112973,-0.00320350413676351,
,,,-0.0071354169525,-0.254773837106768,-0.00747486087493598,
,,,-0.00708333362,-0.258291424601339,-0.00149496144149452,
,,,-0.0070312502875,-0.26180901209591,0.00704775203485042,
,,,-0.006979166955,-0.265829112089705,0.00790202338248491,
,,,-0.0069270836225,-0.269346699584275,-0.00320350413676351,
,,,-0.00687500029,-0.273366799578071,0.00192212394904345,
,,,-0.0068229169575,-0.277386899571866,0.00704775203485042,
,,,-0.006770833625,-0.281406999565661,-0.00320350413676351,
,,,-0.0067187502925,-0.285427099559456,0.000213581253774464,
,,,-0.00666666696,-0.289447199553251,0.00448493799194694,
,,,-0.0066145836275,-0.293969812046271,0.00363066664431244,
,,,-0.006562500295,-0.297487399540842,0.0164447368588299,
,,,-0.0065104169625,-0.301507499534637,0.0258417216828093,
,,,-0.00645833363,-0.305025087029208,0.0121733801206574,
,,,-0.0064062502975,-0.308542674523778,0.0198618222493678,
,,,-0.006354166965,-0.311557749519125,0.0224246362922713,
,,,-0.0063020836325,-0.314572824514471,0.0190075509017333,
,,,-0.0062500003,-0.317587899509817,0.0369472492020577,
,,,-0.0061979169675,-0.320100462005939,0.0386557918973267,
,,,-0.006145833635,-0.323115537001286,0.0369472492020577,
,,,-0.0060937503025,-0.325628099497408,0.0446356913307682,
,,,-0.00604166697,-0.327638149494305,0.0437814199831337,
,,,-0.0059895836375,-0.330150711990427,0.0540326761547476,
,,,-0.005937500305,-0.332160761987325,0.0454899626784027,
,,,-0.0058854169725,-0.333668299484998,0.0617211182834581,
,,,-0.00583333364,-0.335678349481896,0.0540326761547476,
,,,-0.0057812503075,-0.337185886979569,0.077098002540879,
,,,-0.005729166975,-0.339195936976466,0.0600125755881891,
,,,-0.0056770836425,-0.340200961974915,0.0574497615452856,
,,,-0.00562500031,-0.341708499472588,0.0574497615452856,
,,,-0.0055729169775,-0.342713524471037,0.0762437311932445,
,,,-0.005520833645,-0.343718549469486,0.07538945984561,
,,,-0.0054687503125,-0.344723574467935,0.0822236306266859,
,,,-0.00541666698,-0.345226086967159,0.0779522738885134,
,,,-0.0053645836475,-0.346231111965608,0.0813693592790514,
,,,-0.005312500315,-0.346231111965608,0.0728266458027065,
,,,-0.0052604169825,-0.346733624464832,0.0745351884979755,
,,,-0.00520833365,-0.347236136964057,0.070263831759803,
,,,-0.0051562503175,-0.346733624464832,0.0728266458027065,
,,,-0.005104166985,-0.346733624464832,0.0625753896310925,
,,,-0.0050520836525,-0.346733624464832,0.0565954901976511,
,,,-0.00500000032,-0.346733624464832,0.0565954901976511,
,,,-0.0049479169875,-0.346231111965608,0.0523241334594786,
,,,-0.004895833655,-0.346231111965608,0.0454899626784027,
,,,-0.0048437503225,-0.345728599466383,0.0369472492020577,
,,,-0.00479166699,-0.345226086967159,0.0318216211162508,
,,,-0.0047395836575,-0.344723574467935,0.0181532795540988,
,,,-0.004687500325,-0.344723574467935,0.0181532795540988,
,,,-0.0046354169925,-0.343718549469486,0.0130276514682919,
,,,-0.00458333366,-0.343216036970261,0.0181532795540988,
,,,-0.0045312503275,-0.342713524471037,0.0113191087730229,
,,,-0.004479166995,-0.342211011971813,0.000213581253774464,
,,,-0.0044270836625,-0.341205986973364,0.00363066664431244,
,,,-0.00437500033,-0.34070347447414,-0.005766318179667,
,,,-0.0043229169975,-0.340200961974915,-0.0202889310894534,
,,,-0.004270833665,-0.339195936976466,-0.0134547603083774,
,,,-0.0042187503325,-0.338693424477242,-0.0194346597418189,
,,,-0.004166667,-0.338190911978018,-0.0185803883941844,
,,,-0.0041145836675,-0.337185886979569,-0.0228517451323569,
,,,-0.004062500335,-0.337185886979569,-0.0185803883941844,
,,,-0.0040104170025,-0.33618086198112,-0.0143090316560119,
,,,-0.00395833367,-0.335175836982671,-0.0177261170465499,
,,,-0.0039062503375,-0.334673324483447,-0.0279773732181638,
,,,-0.003854167005,-0.334170811984222,-0.0194346597418189,
,,,-0.0038020836725,-0.333165786985774,-0.0305401872610673,
,,,-0.00375000034,-0.332663274486549,-0.0322487299563363,
,,,-0.0036979170075,-0.3316582494881,-0.0271231018705294,
,,,-0.003645833675,-0.331155736988876,-0.0262688305228949,
,,,-0.0035937503425,-0.330150711990427,-0.0305401872610673,
,,,-0.00354166701,-0.329145686991978,-0.0211432024370879,
,,,-0.0034895836775,-0.328643174492754,-0.0254145591752604,
,,,-0.003437500345,-0.327638149494305,-0.0228517451323569,
,,,-0.0033854170125,-0.326633124495856,-0.0390829007374123,
,,,-0.00333333368,-0.325628099497408,-0.0313944586087018,
,,,-0.0032812503475,-0.324623074498959,-0.00149496144149452,
,,,-0.003229167015,-0.323115537001286,-0.0237060164799914,
,,,-0.0031770836825,-0.322110512002837,-0.0578768703853711,
,,,-0.00312500035,-0.320100462005939,-0.0433542574755847,
,,,-0.0030729170175,-0.318592924508266,-0.0228517451323569,
,,,-0.003020833685,-0.316582874511369,-0.0459170715184882,
,,,-0.0029687503525,-0.314070312015247,-0.0467713428661227,
,,,-0.00291666702,-0.312060262018349,-0.0706909405998886,
,,,-0.0028645836875,-0.309045187023003,-0.0484798855613917,
,,,-0.002812500355,-0.306030112027656,-0.0484798855613917,
,,,-0.0027604170225,-0.30301503703231,-0.0612939557759091,
,,,-0.00270833369,-0.298994937038515,-0.0664195838617161,
,,,-0.0026562503575,-0.29497483704472,-0.0595854130806401,
,,,-0.002604167025,-0.2904522245517,-0.0689823979046196,
,,,-0.0025520836925,-0.286432124557905,-0.0561683276901022,
,,,-0.00250000036,-0.28241202456411,-0.0587311417330056,
,,,-0.0024479170275,-0.277386899571866,-0.0612939557759091,
,,,-0.002395833695,-0.272864287078846,-0.0612939557759091,
,,,-0.0023437503625,-0.267839162086602,-0.0664195838617161,
,,,-0.00229166703,-0.263316549593583,-0.0655653125140816,
,,,-0.0022395836975,-0.258291424601339,-0.0647110411664471,
,,,-0.002187500365,-0.253768812108319,-0.0604396844282746,
,,,-0.0021354170325,-0.248241174616851,-0.0630024984711781,
,,,-0.0020833337,-0.243216049624607,-0.0595854130806401,
,,,-0.0020312503675,-0.237185899633914,-0.0647110411664471,
,,,-0.001979167035,-0.23216077464167,-0.0544597849948332,
,,,-0.0019270837025,-0.226130624650978,-0.0621482271235436,
,,,-0.00187500037,-0.220602987159509,-0.0647110411664471,
,,,-0.0018229170375,-0.215075349668041,-0.0570225990377367,
,,,-0.001770833705,-0.209547712176573,-0.0501884282566607,
,,,-0.0017187503725,-0.204020074685104,-0.0630024984711781,
,,,-0.00166666704,-0.198492437193636,-0.0536055136471987,
,,,-0.0016145837075,-0.193467312201392,-0.0476256142137572,
,,,-0.001562500375,-0.188442187209148,-0.0442085288232192,
,,,-0.0015104170425,-0.18291454971768,-0.0510426996042952,
,,,-0.00145833371,-0.176884399726987,-0.0416457147803158,
,,,-0.0014062503775,-0.171859274734743,-0.0424999861279503,
,,,-0.001354167045,-0.167336662241723,-0.0518969709519297,
,,,-0.0013020837125,-0.161809024750255,-0.0450628001708537,
,,,-0.00125000038,-0.156281387258787,-0.0459170715184882,
,,,-0.0011979170475,-0.150753749767318,-0.0493341569090262,
,,,-0.001145833715,-0.14522611227585,-0.0510426996042952,
,,,-0.0010937503825,-0.140200987283606,-0.0424999861279503,
,,,-0.00104166705,-0.134673349792138,-0.0433542574755847,
,,,-0.000989583717499999,-0.129145712300669,-0.0518969709519297,
,,,-0.000937500385000001,-0.123618074809201,-0.0544597849948332,
,,,-0.0008854170525,-0.118592949816957,-0.0442085288232192,
,,,-0.000833333719999999,-0.113065312325489,-0.0399371720850468,
,,,-0.000781250387500002,-0.10753767483402,-0.0348115439992398,
,,,-0.000729167055,-0.102512549841776,-0.0459170715184882,
,,,-0.000677083722499999,-0.0974874248495325,-0.0390829007374123,
,,,-0.000625000390000002,-0.0924622998572886,-0.0373743580421433,
,,,-0.0005729170575,-0.0874371748650447,-0.0322487299563363,
,,,-0.000520833724999999,-0.0824120498728007,-0.0305401872610673,
,,,-0.000468750392500002,-0.0773869248805568,-0.0407914434326813,
,,,-0.000416667060000001,-0.0723617998883128,-0.0331030013039708,
,,,-0.000364583727499999,-0.0673366748960689,-0.0390829007374123,
,,,-0.000312500395000002,-0.0613065249053761,-0.0262688305228949,
,,,-0.000260417062500001,-0.0562813999131322,-0.0288316445657983,
,,,-0.000208333729999999,-0.0507537624216639,-0.0288316445657983,
,,,-0.000156250397500002,-0.0457286374294199,-0.0254145591752604,
,,,-0.000104167065000001,-0.0402009999379516,-0.0271231018705294,
,,,-5.20837324999995E-05,-0.0346733624464832,-0.0313944586087018,
,,,-4.00000001871126E-10,-0.0296482374542393,-0.0254145591752604,
,,,5.20829324999993E-05,-0.0241205999627709,-0.0305401872610673,
,,,0.000104166265,-0.0185929624713026,-0.0296859159134328,
,,,0.000156249597499998,-0.0125628124806099,-0.0271231018705294,
,,,0.000208332929999999,-0.00653266248991713,-0.0228517451323569,
,,,0.0002604162625,0,-0.0202889310894534,
,,,0.000312499594999998,0.00603014999069273,-0.0211432024370879,
,,,0.000364582927499999,0.0115577874821611,-0.0219974737847224,
,,,0.00041666626,0.0175879374728538,-0.0219974737847224,
,,,0.000468749592500001,0.0241205999627709,-0.0288316445657983,
,,,0.000520832924999999,0.0296482374542393,-0.0117462176131085,
,,,0.0005729162575,0.0361808999441564,-0.0134547603083774,
,,,0.000624999590000001,0.0427135624340735,-0.0228517451323569,
,,,0.000677082922499999,0.0482411999255419,-0.0228517451323569,
,,,0.000729166255,0.0537688374170102,-0.0237060164799914,
,,,0.000781249587500001,0.0592964749084786,-0.0160175743512809,
,,,0.000833332919999999,0.0653266248991713,-0.00918340357020497,
,,,0.0008854162525,0.071356774889864,-0.0177261170465499,
,,,0.000937499585000001,0.0773869248805568,-0.0117462176131085,
,,,0.000989582917499999,0.0824120498728007,-0.0143090316560119,
,,,0.00104166625,0.087939687364269,-0.005766318179667,
,,,0.0010937495825,0.092964812356513,-0.00662058952730149,
,,,0.001145832915,0.0984924498479813,-0.0185803883941844,
,,,0.0011979162475,0.103517574840225,-0.00662058952730149,
,,,0.00124999958,0.108542699832469,-0.0049120468320325,
,,,0.0013020829125,0.114070337323938,-0.0237060164799914,
,,,0.001354166245,0.119597974815406,-0.0151633030036464,
,,,0.0014062495775,0.125125612306874,-0.0117462176131085,
,,,0.00145833291,0.130150737299118,-0.0202889310894534,
,,,0.0015104162425,0.135678374790587,-0.0117462176131085,
,,,0.001562499575,0.140200987283606,-0.0117462176131085,
,,,0.0016145829075,0.144723599776626,-0.0151633030036464,
,,,0.00166666624,0.14974872476887,-0.00832913222257048,
,,,0.0017187495725,0.155276362260338,-0.0177261170465499,
,,,0.001770832905,0.159798974753357,-0.00832913222257048,
,,,0.0018229162375,0.164824099745601,-0.0211432024370879,
,,,0.00187499957,0.169346712238621,-0.0177261170465499,
,,,0.0019270829025,0.174371837230865,-0.0237060164799914,
,,,0.001979166235,0.179396962223109,-0.0117462176131085,
,,,0.0020312495675,0.183919574716128,-0.00918340357020497,
,,,0.0020833329,0.188944699708372,-0.0143090316560119,
,,,0.0021354162325,0.193467312201392,-0.00320350413676351,
,,,0.002187499565,0.197989924694411,-0.005766318179667,
,,,0.0022395828975,0.203015049686655,-0.00149496144149452,
,,,0.00229166623,0.208040174678899,-0.00405777548439801,
,,,0.0023437495625,0.212562787171919,-0.0049120468320325,
,,,0.002395832895,0.217587912164163,-0.0100376749178395,
,,,0.0024479162275,0.221608012157958,-0.0049120468320325,
,,,0.00249999956,0.226633137150202,-0.005766318179667,
,,,0.0025520828925,0.231155749643221,0.0138819228159264,
,,,0.002604166225,0.235175849637017,0.00704775203485042,
,,,0.0026562495575,0.239698462130036,-0.00832913222257048,
,,,0.00270833289,0.244221074623056,-0.00747486087493598,
,,,0.0027604162225,0.248241174616851,-0.0117462176131085,
,,,0.002812499555,0.252261274610646,0.0104648374253884,
,,,0.0028645828875,0.255778862105217,0.0113191087730229,
,,,0.00291666622,0.259798962099012,0.00704775203485042,
,,,0.0029687495525,0.263316549593583,0.00790202338248491,
,,,0.003020832885,0.267336649587378,-0.00662058952730149,
,,,0.0030729162175,0.270854237081949,-0.00234923278912902,
,,,0.00312499955,0.274874337075744,0.00106785260140896,
,,,0.0031770828825,0.278391924570315,0.00619348068721592,
,,,0.003229166215,0.28241202456411,0.0113191087730229,
,,,0.0032812495475,0.285929612058681,0.0138819228159264,
,,,0.00333333288,0.289447199553251,0.00704775203485042,
,,,0.0033854162125,0.293467299547046,0.0164447368588299,
,,,0.003437499545,0.296482374542393,0.0164447368588299,
,,,0.0034895828775,0.299999962036964,0.0224246362922713,
,,,0.00354166621,0.303517549531534,0.0224246362922713,
,,,0.0035937495425,0.306532624526881,0.0190075509017333,
,,,0.003645832875,0.310050212021451,0.0309673497686163,
,,,0.0036979162075,0.312562774517573,0.0249874503351748,
,,,0.00374999954,0.31557784951292,0.0386557918973267,
,,,0.0038020828725,0.318090412009042,0.0241331789875403,
,,,0.003854166205,0.320602974505164,0.0403643345925957,
,,,0.0039062495375,0.323115537001286,0.0506155907642096,
,,,0.00395833287,0.325628099497408,0.0506155907642096,
,,,0.0040104162025,0.32814066199353,0.0506155907642096,
,,,0.004062499535,0.330150711990427,0.0506155907642096,
,,,0.0041145828675,0.332160761987325,0.0540326761547476,
,,,0.0041666662,0.334170811984222,0.0677010177168995,
,,,0.0042187495325,0.335678349481896,0.0762437311932445,
,,,0.004270832865,0.337185886979569,0.0711181031074375,
,,,0.0043229161975,0.338693424477242,0.077098002540879,
,,,0.00437499953,0.34070347447414,0.0839321733219549,
,,,0.0044270828625,0.341205986973364,0.0856407160172239,
,,,0.004479166195,0.342713524471037,0.0899120727553964,
,,,0.0045312495275,0.343718549469486,0.101017600274645,
,,,0.00458333286,0.34422106196871,0.0907663441030309,
,,,0.0046354161925,0.345226086967159,0.0864949873648584,
,,,0.004687499525,0.345728599466383,0.0984547862317413,
,,,0.0047395828575,0.346231111965608,0.0907663441030309,
,,,0.00479166619,0.346231111965608,0.0984547862317413,
,,,0.0048437495225,0.346231111965608,0.0924748867982998,
,,,0.004895832855,0.346231111965608,0.0745351884979755,
,,,0.0049479161875,0.346231111965608,0.0677010177168995,
,,,0.00499999952,0.346231111965608,0.0506155907642096,
,,,0.0050520828525,0.346231111965608,0.0506155907642096,
,,,0.005104166185,0.345728599466383,0.0591583042405546,
,,,0.0051562495175,0.345226086967159,0.0762437311932445,
,,,0.00520833285,0.344723574467935,0.0745351884979755,
,,,0.0052604161825,0.34422106196871,0.0147361941635609,
,,,0.005312499515,0.34422106196871,0.0386557918973267,
,,,0.0053645828475,0.343718549469486,0.0548869475023821,
,,,0.00541666618,0.343216036970261,0.0326758924638852,
,,,0.0054687495125,0.342713524471037,0.0232789076399058,
,,,0.005520832845,0.341708499472588,0.0130276514682919,
,,,0.0055729161775,0.341205986973364,0.0147361941635609,
,,,0.00562499951,0.34070347447414,0.0104648374253884,
,,,0.0056770828425,0.339698449475691,0.00192212394904345,
,,,0.005729166175,0.339698449475691,0.00106785260140896,
,,,0.0057812495075,0.338190911978018,-0.0211432024370879,
,,,0.00583333284,0.338190911978018,-0.00832913222257048,
,,,0.0058854161725,0.337185886979569,-0.00918340357020497,
,,,0.005937499505,0.336683374480344,-0.0117462176131085,
,,,0.0059895828375,0.33618086198112,-0.0151633030036464,
,,,0.00604166617,0.335175836982671,-0.0185803883941844,
,,,0.0060937495025,0.334673324483447,-0.0237060164799914,
,,,0.006145832835,0.333668299484998,-0.0279773732181638,
,,,0.0061979161675,0.332663274486549,-0.0365200866945088,
,,,0.0062499995,0.332160761987325,-0.0254145591752604,
,,,0.0063020828325,0.331155736988876,-0.0373743580421433,
,,,0.006354166165,0.330653224489652,-0.0348115439992398,
,,,0.0064062494975,0.330150711990427,-0.0365200866945088,
,,,0.00645833283,0.329145686991978,-0.0407914434326813,
,,,0.0065104161625,0.32814066199353,-0.0399371720850468,
,,,0.006562499495,0.327638149494305,-0.0296859159134328,
,,,0.0066145828275,0.326633124495856,-0.0390829007374123,
,,,0.00666666616,0.325628099497408,-0.0442085288232192,
,,,0.0067187494925,0.324623074498959,-0.0459170715184882,
,,,0.006770832825,0.323115537001286,-0.0450628001708537,
,,,0.0068229161575,0.322110512002837,-0.0536055136471987,
,,,0.00687499949,0.320602974505164,-0.0365200866945088,
,,,0.0069270828225,0.319095437007491,-0.0356658153468743,
,,,0.006979166155,0.317085387010593,-0.0382286293897778,
,,,0.0070312494875,0.31557784951292,-0.0399371720850468,
,,,0.00708333282,0.313065287016798,-0.0484798855613917,
,,,0.0071354161525,0.310552724520676,-0.0459170715184882,
,,,0.007187499485,0.308040162024554,-0.0655653125140816,
,,,0.0072395828175,0.304522574529983,-0.0689823979046196,
,,,0.00729166615,0.301004987035412,-0.0638567698188126,
,,,0.0073437494825,0.297487399540842,-0.0741080259904265,
,,,0.007395832815,0.293969812046271,-0.0561683276901022,
,,,0.0074479161475,0.289447199553251,-0.0553140563424677,
,,,0.00749999948,0.285427099559456,-0.0621482271235436,
,,,0.0075520828125,0.280904487066437,-0.0621482271235436,
,,,0.007604166145,0.276381874573417,-0.0775251113809645,
,,,0.0076562494775,0.271356749581173,-0.0655653125140816,
,,,0.00770833281,0.266331624588929,-0.0630024984711781,
,,,0.0077604161425,0.261306499596685,-0.0595854130806401,
,,,0.007812499475,0.256281374604441,-0.0587311417330056,
,,,0.0078645828075,0.250753737112973,-0.0570225990377367,
,,,0.00791666614,0.245226099621505,-0.0544597849948332,
,,,0.0079687494725,0.239698462130036,-0.0681281265569851,
,,,0.008020832805,0.233668312139343,-0.0527512422995642,
,,,0.0080729161375,0.228140674647875,-0.0630024984711781,
,,,0.00812499947,0.223115549655631,-0.0604396844282746,
,,,0.0081770828025,0.218090424663387,-0.0604396844282746,
,,,0.008229166135,0.212562787171919,-0.0612939557759091,
,,,0.0082812494675,0.207035149680451,-0.0604396844282746,
,,,0.0083333328,0.201507512188982,-0.0664195838617161,
,,,0.0083854161325,0.195979874697514,-0.0484798855613917,
,,,0.008437499465,0.19095474970527,-0.0459170715184882,
,,,0.0084895827975,0.185929624713026,-0.0450628001708537,
,,,0.00854166613,0.179899474722333,-0.0501884282566607,
,,,0.0085937494625,0.174371837230865,-0.0450628001708537,
,,,0.008645832795,0.169346712238621,-0.0510426996042952,
,,,0.0086979161275,0.163819074747153,-0.0442085288232192,
,,,0.00874999946,0.158291437255684,-0.0553140563424677,
,,,0.0088020827925,0.15326631226344,-0.0313944586087018,
,,,0.008854166125,0.147738674771972,-0.0578768703853711,
,,,0.0089062494575,0.142211037280504,-0.0331030013039708,
,,,0.00895833279,0.13718591228826,-0.0160175743512809,
,,,0.0090104161225,0.132160787296016,-0.0348115439992398,
,,,0.009062499455,0.126633149804547,-0.0245602878276259,
,,,0.0091145827875,0.121608024812303,-0.0348115439992398,
,,,0.00916666612,0.115577874821611,-0.0313944586087018,
,,,0.0092187494525,0.110552749829367,-0.012600488960743,
,,,0.009270832785,0.105527624837123,-0.0279773732181638,
,,,0.0093229161175,0.100502499844879,-0.0296859159134328,
,,,0.00937499945,0.095477374852635,-0.0288316445657983,
,,,0.0094270827825,0.090452249860391,-0.0254145591752604,
,,,0.009479166115,0.0854271248681471,-0.0305401872610673,
,,,0.0095312494475,0.0804019998759031,-0.0194346597418189,
,,,0.00958333278,0.0753768748836592,-0.0271231018705294,
,,,0.0096354161125,0.0698492373921908,-0.0271231018705294,
,,,0.009687499445,0.0643215999007225,-0.0288316445657983,
,,,0.0097395827775,0.0592964749084786,-0.0279773732181638,
,,,0.00979166611,0.0537688374170102,-0.0279773732181638,
,,,0.0098437494425,0.0482411999255419,-0.0288316445657983,
,,,0.009895832775,0.0432160749332979,-0.0271231018705294,
,,,0.0099479161075,0.0371859249426052,-0.0262688305228949,
,,,0.00999999944,0.0311557749519125,-0.0279773732181638,
,,,0.0100520827725,0.0256281374604441,-0.0356658153468743,
,,,0.010104166105,0.0201004999689758,-0.0271231018705294,
,,,0.0101562494375,0.0145728624775074,-0.0202889310894534,
,,,0.01020833277,0.00854271248681471,-0.0194346597418189,
,,,0.0102604161025,0.00251256249612197,-0.0254145591752604,
,,,0.010312499435,-0.00351758749457076,-0.0211432024370879,
,,,0.0103645827675,-0.0095477374852635,-0.0313944586087018,
,,,0.0104166661,-0.0160803999751806,-0.00918340357020497,
,,,0.0104687494325,-0.0221105499658734,-0.0271231018705294,
,,,0.010520832765,-0.0276381874573417,-0.0237060164799914,
,,,0.0105729160975,-0.03316582494881,-0.0177261170465499,
,,,0.01062499943,-0.0386934624402784,-0.0288316445657983,
,,,0.0106770827625,-0.0447236124309711,-0.0245602878276259,
,,,0.010729166095,-0.0502512499224395,-0.0228517451323569,
,,,0.0107812494275,-0.0562813999131322,-0.0202889310894534,
,,,0.01083333276,-0.0623115499038249,-0.0177261170465499,
,,,0.0108854160925,-0.0683416998945177,-0.0219974737847224,
,,,0.010937499425,-0.0743718498852104,-0.0254145591752604,
,,,0.0109895827575,-0.0798994873766787,-0.0134547603083774,
,,,0.01104166609,-0.0854271248681471,-0.00832913222257048,
,,,0.0110937494225,-0.090452249860391,-0.0151633030036464,
,,,0.011145832755,-0.0959798873518594,-0.0134547603083774,
,,,0.0111979160875,-0.101005012344103,-0.0117462176131085,
,,,0.01124999942,-0.106532649835572,-0.00832913222257048,
,,,0.0113020827525,-0.111557774827816,-0.0202889310894534,
,,,0.011354166085,-0.11658289982006,-0.0151633030036464,
,,,0.0114062494175,-0.122110537311528,-0.012600488960743,
,,,0.01145833275,-0.127638174802996,-0.0185803883941844,
,,,0.0115104160825,-0.13266329979524,-0.0151633030036464,
,,,0.011562499415,-0.137688424787484,-0.0151633030036464,
,,,0.0116145827475,-0.142713549779728,-0.0151633030036464,
,,,0.01166666608,-0.147738674771972,-0.0185803883941844,
,,,0.0117187494125,-0.152763799764216,-0.0185803883941844,
,,,0.011770832745,-0.15778892475646,-0.0151633030036464,
,,,0.0118229160775,-0.162311537249479,-0.00747486087493598,
,,,0.01187499941,-0.167839174740948,-0.012600488960743,
,,,0.0119270827425,-0.171859274734743,-0.00747486087493598,
,,,0.011979166075,-0.176884399726987,-0.0143090316560119,
,,,0.0120312494075,-0.181909524719231,-0.00320350413676351,
,,,0.01208333274,-0.18643213721225,-0.010891946265474,
,,,0.0121354160725,-0.191457262204494,-0.005766318179667,
,,,0.012187499405,-0.195979874697514,-0.0143090316560119,
,,,0.0122395827375,-0.201004999689758,-0.0160175743512809,
,,,0.01229166607,-0.206030124682002,-0.010891946265474,
,,,0.0123437494025,-0.210552737175021,0.000213581253774464,
,,,0.012395832735,-0.215577862167265,-0.0151633030036464,
,,,0.0124479160675,-0.220602987159509,-0.0151633030036464,
,,,0.0124999994,-0.225125599652529,-0.00832913222257048,
,,,0.0125520827325,-0.229648212145548,-0.00662058952730149,
,,,0.012604166065,-0.234170824638568,-0.0177261170465499,
,,,0.0126562493975,-0.238693437131587,-0.0049120468320325,
,,,0.01270833273,-0.243216049624607,-0.00405777548439801,
,,,0.0127604160625,-0.247236149618402,-0.00662058952730149,
,,,0.012812499395,-0.251256249612197,-0.00234923278912902,
,,,0.0128645827275,-0.255276349605992,0.00875629473011941,
,,,0.01291666606,-0.258793937100563,0.00363066664431244,
,,,0.0129687493925,-0.262311524595134,0.000213581253774464,
,,,0.013020832725,-0.266331624588929,0.0147361941635609,
,,,0.0130729160575,-0.270351724582724,0.00277639529667795,
,,,0.01312499939,-0.273869312077295,-0.0049120468320325,
,,,0.0131770827225,-0.278391924570315,0.000213581253774464,
,,,0.013229166055,-0.281909512064885,0.0284045357257128,
,,,0.0132812493875,-0.285929612058681,0.0420728772878647,
,,,0.01333333272,-0.289949712052476,-0.0296859159134328,
,,,0.0133854160525,-0.293969812046271,0.0232789076399058,
,,,0.013437499385,-0.297989912040066,0.0258417216828093,
,,,0.0134895827175,-0.301507499534637,0.0215703649446368,
,,,0.01354166605,-0.305025087029208,-0.010891946265474,
,,,0.0135937493825,-0.308542674523778,0.0224246362922713,
,,,0.013645832715,-0.311557749519125,0.00704775203485042,
,,,0.0136979160475,-0.314572824514471,0.0352387065067887,
,,,0.01374999938,-0.318090412009042,0.0232789076399058,
,,,0.0138020827125,-0.320602974505164,0.0403643345925957,
,,,0.013854166045,-0.323115537001286,0.0292588070733473,
,,,0.0139062493775,-0.326130611996632,0.0378015205496922,
,,,0.01395833271,-0.32814066199353,0.0386557918973267,
,,,0.0140104160425,-0.330653224489652,0.0412186059402302,
,,,0.014062499375,-0.332160761987325,0.0395100632449612,
,,,0.0141145827075,-0.334170811984222,0.0514698621118441,
,,,0.01416666604,-0.33618086198112,0.0531784048071131,
,,,0.0142187493725,-0.337688399478793,0.0591583042405546,
,,,0.014270832705,-0.339698449475691,0.0608668469358236,
,,,0.0143229160375,-0.34070347447414,0.073680917150341,
,,,0.01437499937,-0.342211011971813,0.0796608165837824,
,,,0.0144270827025,-0.343216036970261,0.070263831759803,
,,,0.014479166035,-0.343718549469486,0.0677010177168995,
,,,0.0145312493675,-0.344723574467935,0.0847864446695894,
,,,0.0145833327,-0.345226086967159,0.0762437311932445,
,,,0.0146354160325,-0.345728599466383,0.0745351884979755,
,,,0.014687499365,-0.346733624464832,0.0694095604121685,
,,,0.0147395826975,-0.346733624464832,0.0788065452361479,
,,,0.01479166603,-0.347236136964057,0.070263831759803,
,,,0.0148437493625,-0.347236136964057,0.065138203673996,
,,,0.014895832695,-0.347236136964057,0.0531784048071131,
,,,0.0149479160275,-0.346733624464832,0.068555289064534,
,,,0.01499999936,-0.346733624464832,0.0591583042405546,
,,,0.0150520826925,-0.346231111965608,0.0574497615452856,
,,,0.015104166025,-0.346231111965608,0.0463442340260372,
,,,0.0151562493575,-0.345226086967159,0.0412186059402302,
,,,0.01520833269,-0.345226086967159,0.0198618222493678,
,,,0.0152604160225,-0.34422106196871,0.0181532795540988,
,,,0.015312499355,-0.343718549469486,0.0301130784209818,
,,,0.0153645826875,-0.343718549469486,0.0224246362922713,
,,,0.01541666602,-0.342713524471037,0.00875629473011941,
,,,0.0154687493525,-0.342713524471037,0.00790202338248491,
,,,0.015520832685,-0.341708499472588,0.00363066664431244,
,,,0.0155729160175,-0.341205986973364,0.00363066664431244,
,,,0.01562499935,-0.340200961974915,-0.0049120468320325,
,,,0.0156770826825,-0.339698449475691,-0.005766318179667,
,,,0.015729166015,-0.339698449475691,-0.0219974737847224,
,,,0.0157812493475,-0.338190911978018,-0.0100376749178395,
,,,0.01583333268,-0.338190911978018,-0.0134547603083774,
,,,0.0158854160125,-0.337185886979569,-0.0288316445657983,
,,,0.015937499345,-0.336683374480344,-0.0151633030036464,
,,,0.0159895826775,-0.33618086198112,-0.0177261170465499,
,,,0.01604166601,-0.335175836982671,-0.0185803883941844,
,,,0.0160937493425,-0.334673324483447,-0.0202889310894534,
,,,0.016145832675,-0.334170811984222,-0.0194346597418189,
,,,0.0161979160075,-0.333668299484998,-0.0331030013039708,
,,,0.01624999934,-0.332160761987325,-0.0219974737847224,
,,,0.0163020826725,-0.3316582494881,-0.0245602878276259,
,,,0.016354166005,-0.330653224489652,-0.0313944586087018,
,,,0.0164062493375,-0.330150711990427,-0.0348115439992398,
,,,0.01645833267,-0.329145686991978,-0.0288316445657983,
,,,0.0165104160025,-0.328643174492754,-0.0390829007374123,
,,,0.016562499335,-0.327638149494305,-0.0390829007374123,
,,,0.0166145826675,-0.326633124495856,-0.0382286293897778,
,,,0.016666666,-0.325628099497408,-0.0382286293897778,
,,,0.0167187493325,-0.324120561999734,-0.0365200866945088,
,,,0.016770832665,-0.323115537001286,-0.0373743580421433,
,,,0.0168229159975,-0.321607999503613,-0.0442085288232192,
,,,0.01687499933,-0.320100462005939,-0.0450628001708537,
,,,0.0169270826625,-0.318090412009042,-0.0553140563424677,
,,,0.016979165995,-0.316080362012144,-0.0442085288232192,
,,,0.0170312493275,-0.314070312015247,-0.0501884282566607,
,,,0.01708333266,-0.311557749519125,-0.0450628001708537,
,,,0.0171354159925,-0.309045187023003,-0.0510426996042952,
,,,0.017187499325,-0.306030112027656,-0.0612939557759091,
,,,0.0172395826575,-0.302512524533086,-0.0527512422995642,
,,,0.01729166599,-0.298994937038515,-0.0638567698188126,
,,,0.0173437493225,-0.29497483704472,-0.0792336540762335,
,,,0.017395832655,-0.2904522245517,-0.0681281265569851,
,,,0.0174479159875,-0.286432124557905,-0.0630024984711781,
,,,0.01749999932,-0.28241202456411,-0.0493341569090262,
,,,0.0175520826525,-0.277386899571866,-0.0484798855613917,
,,,0.017604165985,-0.272864287078846,-0.0706909405998886,
,,,0.0176562493175,-0.267839162086602,-0.0484798855613917,
,,,0.01770833265,-0.262814037094358,-0.0587311417330056,
,,,0.0177604159825,-0.257788912102114,-0.0570225990377367,
,,,0.017812499315,-0.25276378710987,-0.0544597849948332,
,,,0.0178645826475,-0.247738662117627,-0.0638567698188126,
,,,0.01791666598,-0.242211024626158,-0.0595854130806401,
,,,0.0179687493125,-0.23668338713469,-0.0655653125140816,
,,,0.018020832645,-0.231155749643221,-0.0570225990377367,
,,,0.0180729159775,-0.225628112151753,-0.0612939557759091,
,,,0.01812499931,-0.220602987159509,-0.0578768703853711,
,,,0.0181770826425,-0.214070324669592,-0.0630024984711781,
,,,0.018229165975,-0.209045199677348,-0.0595854130806401,
,,,0.0182812493075,-0.20351756218588,-0.0647110411664471,
,,,0.01833333264,-0.197989924694411,-0.0570225990377367,
,,,0.0183854159725,-0.192462287202943,-0.0476256142137572,
,,,0.018437499305,-0.187437162210699,-0.0561683276901022,
,,,0.0184895826375,-0.181909524719231,-0.0570225990377367,
,,,0.01854166597,-0.176381887227762,-0.0459170715184882,
,,,0.0185937493025,-0.171356762235519,-0.0518969709519297,
,,,0.018645832635,-0.166331637243275,-0.0578768703853711,
,,,0.0186979159675,-0.161306512251031,-0.0399371720850468,
,,,0.0187499993,-0.155276362260338,-0.0476256142137572,
,,,0.0188020826325,-0.150251237268094,-0.0527512422995642,
,,,0.018854165965,-0.144723599776626,-0.0399371720850468,
,,,0.0189062492975,-0.139698474784382,-0.0416457147803158,
,,,0.01895833263,-0.133668324793689,-0.0459170715184882,
,,,0.0190104159625,-0.128643199801445,-0.0348115439992398,
,,,0.019062499295,-0.123115562309977,-0.0339572726516053,
,,,0.0191145826275,-0.117587924818508,-0.0331030013039708,
,,,0.01916666596,-0.11206028732704,-0.0382286293897778,
,,,0.0192187492925,-0.106532649835572,-0.0305401872610673,
,,,0.019270832625,-0.101507524843328,-0.0442085288232192,
,,,0.0193229159575,-0.0964823998510838,-0.0399371720850468,
,,,0.01937499929,-0.0914572748588398,-0.0237060164799914,
,,,0.0194270826225,-0.0864321498665959,-0.0365200866945088,
,,,0.019479165955,-0.0814070248743519,-0.0450628001708537,
,,,0.0195312492875,-0.076381899882108,-0.0211432024370879,
,,,0.01958333262,-0.071356774889864,-0.0536055136471987,
,,,0.0196354159525,-0.0658291373983957,-0.0296859159134328,
,,,0.019687499285,-0.0603014999069273,-0.0313944586087018,
,,,0.0197395826175,-0.0552763749146834,-0.0339572726516053,
,,,0.01979166595,-0.0497487374232151,-0.0382286293897778,
,,,0.0198437492825,-0.0447236124309711,-0.0416457147803158,
,,,0.019895832615,-0.0391959749395028,-0.0339572726516053,
,,,0.0199479159475,-0.0336683374480344,-0.0296859159134328,
,,,0.01999999928,-0.0286432124557905,-0.0356658153468743,
,,,0.0200520826125,-0.0236180874635465,-0.0313944586087018,
,,,0.020104165945,-0.0180904499720782,-0.0348115439992398,
,,,0.0201562492775,-0.0115577874821611,-0.0271231018705294,
,,,0.02020833261,-0.00552763749146834,-0.0322487299563363,
,,,0.0202604159425,0.00100502499844879,-0.0219974737847224,
,,,0.020312499275,0.00653266248991713,-0.0348115439992398,
,,,0.0203645826075,0.0125628124806099,-0.0237060164799914,
,,,0.02041666594,0.0185929624713026,-0.0117462176131085,
,,,0.0204687492725,0.0246231124619953,-0.0228517451323569,
,,,0.020520832605,0.0306532624526881,-0.0177261170465499,
,,,0.0205729159375,0.0371859249426052,-0.0143090316560119,
,,,0.02062499927,0.0437185874325223,-0.0254145591752604,
,,,0.0206770826025,0.0492462249239907,-0.012600488960743,
,,,0.020729165935,0.0552763749146834,-0.0211432024370879,
,,,0.0207812492675,0.0608040124061517,-0.0254145591752604,
,,,0.0208333326,0.0663316498976201,-0.0177261170465499,
,,,0.0208854159325,0.0723617998883128,-0.0177261170465499,
,,,0.020937499265,0.0778894373797812,-0.0254145591752604,
,,,0.0209895825975,0.0834170748712495,-0.0219974737847224,
,,,0.02104166593,0.0884421998634934,-0.0194346597418189,
,,,0.0210937492625,0.0939698373549618,-0.0305401872610673,
,,,0.021145832595,0.0989949623472057,-0.0143090316560119,
,,,0.0211979159275,0.104522599838674,-0.012600488960743,
,,,0.02124999926,0.109547724830918,-0.0143090316560119,
,,,0.0213020825925,0.114572849823162,-0.0202889310894534,
,,,0.021354165925,0.12010048731463,-0.0177261170465499,
,,,0.0214062492575,0.126130637305323,-0.00832913222257048,
,,,0.02145833259,0.131155762297567,0.0104648374253884,
,,,0.0215104159225,0.136180887289811,-0.00320350413676351,
,,,0.021562499255,0.141206012282055,-0.012600488960743,
,,,0.0216145825875,0.145728624775074,-0.0134547603083774,
,,,0.02166666592,0.150753749767318,-0.012600488960743,
,,,0.0217187492525,0.155778874759562,-0.0211432024370879,
,,,0.021770832585,0.160803999751806,-0.0484798855613917,
,,,0.0218229159175,0.165326612244826,0.00875629473011941,
,,,0.02187499925,0.17035173723707,-0.0271231018705294,
,,,0.0219270825825,0.175376862229314,-0.0339572726516053,
,,,0.021979165915,0.179899474722333,-0.0331030013039708,
,,,0.0220312492475,0.184924599714577,-0.0296859159134328,
,,,0.02208333258,0.189949724706821,-0.0151633030036464,
,,,0.0221354159125,0.194472337199841,-0.0168718456989154,
,,,0.022187499245,0.199497462192085,-0.0185803883941844,
,,,0.0222395825775,0.204020074685104,-0.012600488960743,
,,,0.02229166591,0.209045199677348,-0.010891946265474,
,,,0.0223437492425,0.213567812170368,-0.0100376749178395,
,,,0.022395832575,0.218090424663387,-0.00747486087493598,
,,,0.0224479159075,0.222613037156407,-0.00320350413676351,
,,,0.02249999924,0.227638162148651,-0.00918340357020497,
,,,0.0225520825725,0.23216077464167,0.00192212394904345,
,,,0.022604165905,0.236180874635465,-0.0160175743512809,
,,,0.0226562492375,0.240703487128485,-0.005766318179667,
,,,0.02270833257,0.245226099621505,0.0121733801206574,
,,,0.0227604159025,0.2492461996153,-0.00064069009386003,
,,,0.022812499235,0.25276378710987,0.00277639529667795,
,,,0.0228645825675,0.256783887103666,-0.00320350413676351,
,,,0.0229166659,0.260301474598236,-0.00662058952730149,
,,,0.0229687492325,0.264321574592032,0.00875629473011941,
,,,0.023020832565,0.267839162086602,0.00363066664431244,
,,,0.0230729158975,0.271859262080397,-0.00064069009386003,
,,,0.02312499923,0.275376849574968,-0.00234923278912902,
,,,0.0231770825625,0.279396949568763,-0.00405777548439801,
,,,0.023229165895,0.282914537063334,0.0138819228159264,
,,,0.0232812492275,0.286432124557905,0.0096105660777539,
,,,0.02333333256,0.2904522245517,0.0121733801206574,
,,,0.0233854158925,0.293969812046271,0.0198618222493678,
,,,0.023437499225,0.296984887041617,0.0232789076399058,
,,,0.0234895825575,0.300502474536188,0.0190075509017333,
,,,0.02354166589,0.304020062030759,0.0395100632449612,
,,,0.0235937492225,0.307035137026105,0.0181532795540988,
,,,0.023645832555,0.310050212021451,0.0284045357257128,
,,,0.0236979158875,0.313065287016798,0.0343844351591542,
,,,0.02374999922,0.31557784951292,0.0284045357257128,
,,,0.0238020825525,0.318090412009042,0.0420728772878647,
,,,0.023854165885,0.321105487004388,0.0360929778544232,
,,,0.0239062492175,0.32361804950051,0.0429271486354992,
,,,0.02395833255,0.325628099497408,0.0437814199831337,
,,,0.0240104158825,0.32814066199353,0.0489070480689406,
,,,0.024062499215,0.330150711990427,0.0497613194165751,
,,,0.0241145825475,0.332160761987325,0.0574497615452856,
,,,0.02416666588,0.334673324483447,0.0574497615452856,
,,,0.0242187492125,0.33618086198112,0.071972374455072,
,,,0.024270832545,0.337688399478793,0.0745351884979755,
,,,0.0243229158775,0.339195936976466,0.066846746369265,
,,,0.02437499921,0.34070347447414,0.0779522738885134,
,,,0.0244270825425,0.341708499472588,0.0813693592790514,
,,,0.024479165875,0.342713524471037,0.0890578014077619,
,,,0.0245312492075,0.343718549469486,0.0933291581459343,
,,,0.02458333254,0.344723574467935,0.0890578014077619,
,,,0.0246354158725,0.345226086967159,0.101017600274645,
,,,0.024687499205,0.345226086967159,0.0907663441030309,
,,,0.0247395825375,0.345728599466383,0.0882035300601274,
,,,0.02479166587,0.346231111965608,0.0882035300601274,
,,,0.0248437492025,0.346733624464832,0.0839321733219549,
,,,0.024895832535,0.346733624464832,0.0890578014077619,
,,,0.0249479158675,0.346231111965608,0.0762437311932445,
