Address:,USB0::0x0957::0x179B::MY54313430::0::INSTR,,Analog Channels,,,,Function Channels,,
Model:,DSO-X 2002A,,Time (s),1 (VOLT),2 (VOLT),,Time (s),M1,
Serial Number:,MY54313430,,-0.0229125,-0.159497441723943,-0.0736281936988235,,-0.0229125,-0.08578124595806,
Firmware Version:,02.65.2021030741,,-0.02275,-0.159497441723943,-0.0736281936988235,,-0.02275,-0.08578124595806,
Start Time:,2022-02-06 14:36:34.095,,-0.0225875,-0.159497441723943,-0.0736281936988235,,-0.0225875,-0.08578124595806,
,,,-0.022425,-0.159497441723943,-0.0736281936988235,,-0.022425,-0.08578124595806,
,,,-0.0222625,-0.153718547429889,-0.0736281936988235,,-0.0222625,-0.0801562457345426,
,,,-0.0221,-0.159497441723943,-0.0692060831934214,,-0.0221,-0.0914062461815774,
,,,-0.0219375,-0.159497441723943,-0.0692060831934214,,-0.0219375,-0.0914062461815774,
,,,-0.021775,-0.159497441723943,-0.0692060831934214,,-0.021775,-0.0914062461815774,
,,,-0.0216125,-0.159497441723943,-0.0692060831934214,,-0.0216125,-0.0914062461815774,
,,,-0.02145,-0.159497441723943,-0.0736281936988235,,-0.02145,-0.08578124595806,
,,,-0.0212875,-0.159497441723943,-0.0692060831934214,,-0.0212875,-0.0914062461815774,
,,,-0.021125,-0.153718547429889,-0.0647839726880193,,-0.021125,-0.0899999961256981,
,,,-0.0209625,-0.153718547429889,-0.0692060831934214,,-0.0209625,-0.0843749959021807,
,,,-0.0208,-0.153718547429889,-0.0692060831934214,,-0.0208,-0.0843749959021807,
,,,-0.0206375,-0.153718547429889,-0.0692060831934214,,-0.0206375,-0.0843749959021807,
,,,-0.020475,-0.159497441723943,-0.0736281936988235,,-0.020475,-0.08578124595806,
,,,-0.0203125,-0.159497441723943,-0.0692060831934214,,-0.0203125,-0.0914062461815774,
,,,-0.02015,-0.159497441723943,-0.0736281936988235,,-0.02015,-0.08578124595806,
,,,-0.0199875,-0.153718547429889,-0.0692060831934214,,-0.0199875,-0.0843749959021807,
,,,-0.019825,-0.159497441723943,-0.0736281936988235,,-0.019825,-0.08578124595806,
,,,-0.0196625,-0.159497441723943,-0.0692060831934214,,-0.0196625,-0.0914062461815774,
,,,-0.0195,-0.153718547429889,-0.0692060831934214,,-0.0195,-0.0843749959021807,
,,,-0.0193375,-0.153718547429889,-0.0692060831934214,,-0.0193375,-0.0843749959021807,
,,,-0.019175,-0.153718547429889,-0.0692060831934214,,-0.019175,-0.0843749959021807,
,,,-0.0190125,-0.159497441723943,-0.0736281936988235,,-0.0190125,-0.08578124595806,
,,,-0.01885,-0.153718547429889,-0.0692060831934214,,-0.01885,-0.0843749959021807,
,,,-0.0186875,-0.153718547429889,-0.0736281936988235,,-0.0186875,-0.0801562457345426,
,,,-0.018525,-0.153718547429889,-0.0692060831934214,,-0.018525,-0.0843749959021807,
,,,-0.0183625,-0.153718547429889,-0.0692060831934214,,-0.0183625,-0.0843749959021807,
,,,-0.0182,-0.159497441723943,-0.0736281936988235,,-0.0182,-0.08578124595806,
,,,-0.0180375,-0.153718547429889,-0.0736281936988235,,-0.0180375,-0.0801562457345426,
,,,-0.017875,-0.147939653135836,-0.0692060831934214,,-0.017875,-0.0787499956786633,
,,,-0.0177125,-0.153718547429889,-0.0692060831934214,,-0.0177125,-0.0843749959021807,
,,,-0.01755,-0.153718547429889,-0.0692060831934214,,-0.01755,-0.0843749959021807,
,,,-0.0173875,-0.147939653135836,-0.0692060831934214,,-0.0173875,-0.0787499956786633,
,,,-0.017225,-0.153718547429889,-0.0736281936988235,,-0.017225,-0.0801562457345426,
,,,-0.0170625,-0.153718547429889,-0.0692060831934214,,-0.0170625,-0.0843749959021807,
,,,-0.0169,-0.153718547429889,-0.0692060831934214,,-0.0169,-0.0843749959021807,
,,,-0.0167375,-0.159497441723943,-0.0736281936988235,,-0.0167375,-0.08578124595806,
,,,-0.016575,-0.153718547429889,-0.0692060831934214,,-0.016575,-0.0843749959021807,
,,,-0.0164125,-0.153718547429889,-0.0692060831934214,,-0.0164125,-0.0843749959021807,
,,,-0.01625,-0.159497441723943,-0.0692060831934214,,-0.01625,-0.0914062461815774,
,,,-0.0160875,-0.153718547429889,-0.0736281936988235,,-0.0160875,-0.0801562457345426,
,,,-0.015925,-0.153718547429889,-0.0692060831934214,,-0.015925,-0.0843749959021807,
,,,-0.0157625,-0.153718547429889,-0.0692060831934214,,-0.0157625,-0.0843749959021807,
,,,-0.0156,-0.153718547429889,-0.0692060831934214,,-0.0156,-0.0843749959021807,
,,,-0.0154375,-0.153718547429889,-0.0736281936988235,,-0.0154375,-0.0801562457345426,
,,,-0.015275,-0.153718547429889,-0.0736281936988235,,-0.015275,-0.0801562457345426,
,,,-0.0151125,-0.153718547429889,-0.0692060831934214,,-0.0151125,-0.0843749959021807,
,,,-0.01495,-0.153718547429889,-0.0692060831934214,,-0.01495,-0.0843749959021807,
,,,-0.0147875,-0.153718547429889,-0.0736281936988235,,-0.0147875,-0.0801562457345426,
,,,-0.014625,-0.153718547429889,-0.0692060831934214,,-0.014625,-0.0843749959021807,
,,,-0.0144625,-0.147939653135836,-0.0692060831934214,,-0.0144625,-0.0787499956786633,
,,,-0.0143,-0.147939653135836,-0.0692060831934214,,-0.0143,-0.0787499956786633,
,,,-0.0141375,-0.147939653135836,-0.0692060831934214,,-0.0141375,-0.0787499956786633,
,,,-0.013975,-0.153718547429889,-0.0692060831934214,,-0.013975,-0.0843749959021807,
,,,-0.0138125,-0.159497441723943,-0.0692060831934214,,-0.0138125,-0.0914062461815774,
,,,-0.01365,-0.159497441723943,-0.0692060831934214,,-0.01365,-0.0914062461815774,
,,,-0.0134875,-0.153718547429889,-0.0692060831934214,,-0.0134875,-0.0843749959021807,
,,,-0.013325,-0.159497441723943,-0.0692060831934214,,-0.013325,-0.0914062461815774,
,,,-0.0131625,-0.153718547429889,-0.0692060831934214,,-0.0131625,-0.0843749959021807,
,,,-0.013,-0.159497441723943,-0.0736281936988235,,-0.013,-0.08578124595806,
,,,-0.0128375,-0.153718547429889,-0.0692060831934214,,-0.0128375,-0.0843749959021807,
,,,-0.012675,-0.153718547429889,-0.0692060831934214,,-0.012675,-0.0843749959021807,
,,,-0.0125125,-0.153718547429889,-0.0692060831934214,,-0.0125125,-0.0843749959021807,
,,,-0.01235,-0.159497441723943,-0.0692060831934214,,-0.01235,-0.0914062461815774,
,,,-0.0121875,-0.159497441723943,-0.0692060831934214,,-0.0121875,-0.0914062461815774,
,,,-0.012025,-0.153718547429889,-0.0692060831934214,,-0.012025,-0.0843749959021807,
,,,-0.0118625,-0.153718547429889,-0.0692060831934214,,-0.0118625,-0.0843749959021807,
,,,-0.0117,-0.153718547429889,-0.0692060831934214,,-0.0117,-0.0843749959021807,
,,,-0.0115375,-0.153718547429889,-0.0736281936988235,,-0.0115375,-0.0801562457345426,
,,,-0.011375,-0.153718547429889,-0.0692060831934214,,-0.011375,-0.0843749959021807,
,,,-0.0112125,-0.153718547429889,-0.0692060831934214,,-0.0112125,-0.0843749959021807,
,,,-0.01105,-0.153718547429889,-0.0736281936988235,,-0.01105,-0.0801562457345426,
,,,-0.0108875,-0.153718547429889,-0.0692060831934214,,-0.0108875,-0.0843749959021807,
,,,-0.010725,-0.153718547429889,-0.0736281936988235,,-0.010725,-0.0801562457345426,
,,,-0.0105625,-0.153718547429889,-0.0692060831934214,,-0.0105625,-0.0843749959021807,
,,,-0.0104,-0.153718547429889,-0.0692060831934214,,-0.0104,-0.0843749959021807,
,,,-0.0102375,-0.153718547429889,-0.0692060831934214,,-0.0102375,-0.0843749959021807,
,,,-0.010075,-0.153718547429889,-0.0692060831934214,,-0.010075,-0.0843749959021807,
,,,-0.0099125,-0.153718547429889,-0.0692060831934214,,-0.0099125,-0.0843749959021807,
,,,-0.00975,-0.153718547429889,-0.0692060831934214,,-0.00975,-0.0843749959021807,
,,,-0.0095875,-0.159497441723943,-0.0692060831934214,,-0.0095875,-0.0914062461815774,
,,,-0.009425,-0.153718547429889,-0.0692060831934214,,-0.009425,-0.0843749959021807,
,,,-0.0092625,-0.159497441723943,-0.0736281936988235,,-0.0092625,-0.08578124595806,
,,,-0.0091,-0.153718547429889,-0.0692060831934214,,-0.0091,-0.0843749959021807,
,,,-0.0089375,-0.153718547429889,-0.0692060831934214,,-0.0089375,-0.0843749959021807,
,,,-0.008775,-0.153718547429889,-0.0692060831934214,,-0.008775,-0.0843749959021807,
,,,-0.0086125,-0.159497441723943,-0.0736281936988235,,-0.0086125,-0.08578124595806,
,,,-0.00845,-0.159497441723943,-0.0692060831934214,,-0.00845,-0.0914062461815774,
,,,-0.0082875,-0.153718547429889,-0.0692060831934214,,-0.0082875,-0.0843749959021807,
,,,-0.008125,-0.159497441723943,-0.0692060831934214,,-0.008125,-0.0914062461815774,
,,,-0.0079625,-0.159497441723943,-0.0692060831934214,,-0.0079625,-0.0914062461815774,
,,,-0.0078,-0.153718547429889,-0.0692060831934214,,-0.0078,-0.0843749959021807,
,,,-0.0076375,-0.159497441723943,-0.0692060831934214,,-0.0076375,-0.0914062461815774,
,,,-0.007475,-0.153718547429889,-0.0692060831934214,,-0.007475,-0.0843749959021807,
,,,-0.0073125,-0.159497441723943,-0.0736281936988235,,-0.0073125,-0.08578124595806,
,,,-0.00715,-0.159497441723943,-0.0692060831934214,,-0.00715,-0.0914062461815774,
,,,-0.0069875,-0.159497441723943,-0.0692060831934214,,-0.0069875,-0.0914062461815774,
,,,-0.006825,-0.153718547429889,-0.0647839726880193,,-0.006825,-0.0899999961256981,
,,,-0.0066625,-0.153718547429889,-0.0692060831934214,,-0.0066625,-0.0843749959021807,
,,,-0.0065,-0.153718547429889,-0.0692060831934214,,-0.0065,-0.0843749959021807,
,,,-0.0063375,-0.159497441723943,-0.0692060831934214,,-0.0063375,-0.0914062461815774,
,,,-0.006175,-0.153718547429889,-0.0692060831934214,,-0.006175,-0.0843749959021807,
,,,-0.0060125,-0.159497441723943,-0.0692060831934214,,-0.0060125,-0.0914062461815774,
,,,-0.00585,-0.153718547429889,-0.0692060831934214,,-0.00585,-0.0843749959021807,
,,,-0.0056875,-0.153718547429889,-0.0692060831934214,,-0.0056875,-0.0843749959021807,
,,,-0.005525,-0.153718547429889,-0.0692060831934214,,-0.005525,-0.0843749959021807,
,,,-0.0053625,-0.153718547429889,-0.0692060831934214,,-0.0053625,-0.0843749959021807,
,,,-0.0052,-0.153718547429889,-0.0736281936988235,,-0.0052,-0.0801562457345426,
,,,-0.0050375,-0.153718547429889,-0.0692060831934214,,-0.0050375,-0.0843749959021807,
,,,-0.004875,-0.153718547429889,-0.0692060831934214,,-0.004875,-0.0843749959021807,
,,,-0.0047125,-0.153718547429889,-0.0692060831934214,,-0.0047125,-0.0843749959021807,
,,,-0.00455,-0.153718547429889,-0.0692060831934214,,-0.00455,-0.0843749959021807,
,,,-0.0043875,-0.153718547429889,-0.0692060831934214,,-0.0043875,-0.0843749959021807,
,,,-0.004225,-0.153718547429889,-0.0736281936988235,,-0.004225,-0.0801562457345426,
,,,-0.0040625,-0.153718547429889,-0.0692060831934214,,-0.0040625,-0.0843749959021807,
,,,-0.0039,-0.159497441723943,-0.0692060831934214,,-0.0039,-0.0914062461815774,
,,,-0.0037375,-0.153718547429889,-0.0692060831934214,,-0.0037375,-0.0843749959021807,
,,,-0.003575,-0.153718547429889,-0.0692060831934214,,-0.003575,-0.0843749959021807,
,,,-0.0034125,-0.153718547429889,-0.0692060831934214,,-0.0034125,-0.0843749959021807,
,,,-0.00325,-0.153718547429889,-0.0692060831934214,,-0.00325,-0.0843749959021807,
,,,-0.0030875,-0.153718547429889,-0.0692060831934214,,-0.0030875,-0.0843749959021807,
,,,-0.002925,-0.159497441723943,-0.0736281936988235,,-0.002925,-0.08578124595806,
,,,-0.0027625,-0.159497441723943,-0.0692060831934214,,-0.0027625,-0.0914062461815774,
,,,-0.0026,-0.153718547429889,-0.0692060831934214,,-0.0026,-0.0843749959021807,
,,,-0.0024375,-0.153718547429889,-0.0692060831934214,,-0.0024375,-0.0843749959021807,
,,,-0.002275,-0.153718547429889,-0.0692060831934214,,-0.002275,-0.0843749959021807,
,,,-0.0021125,-0.153718547429889,-0.0692060831934214,,-0.0021125,-0.0843749959021807,
,,,-0.00195,-0.153718547429889,-0.0692060831934214,,-0.00195,-0.0843749959021807,
,,,-0.0017875,-0.159497441723943,-0.0692060831934214,,-0.0017875,-0.0914062461815774,
,,,-0.001625,-0.159497441723943,-0.0692060831934214,,-0.001625,-0.0914062461815774,
,,,-0.0014625,-0.153718547429889,-0.0692060831934214,,-0.0014625,-0.0843749959021807,
,,,-0.0013,-0.153718547429889,-0.0692060831934214,,-0.0013,-0.0843749959021807,
,,,-0.0011375,-0.159497441723943,-0.0736281936988235,,-0.0011375,-0.08578124595806,
,,,-0.000975,-0.153718547429889,-0.0692060831934214,,-0.000975,-0.0843749959021807,
,,,-0.000812500000000001,-0.153718547429889,-0.0692060831934214,,-0.000812500000000001,-0.0843749959021807,
,,,-0.000650000000000001,-0.153718547429889,-0.0692060831934214,,-0.000650000000000001,-0.0843749959021807,
,,,-0.000487499999999998,-0.159497441723943,-0.0736281936988235,,-0.000487499999999998,-0.08578124595806,
,,,-0.000324999999999999,-0.159497441723943,-0.0736281936988235,,-0.000324999999999999,-0.08578124595806,
,,,-0.000162499999999999,-0.159497441723943,-0.0736281936988235,,-0.000162499999999999,-0.08578124595806,
,,,0,18.4716577623039,15.1074771713465,,0,3.363750141114,
,,,0.000162499999999999,16.6975372140296,12.5249646361917,,0.000162499999999999,4.17234392324463,
,,,0.000324999999999999,16.5992960110307,12.4055676525459,,0.000324999999999999,4.19343767408282,
,,,0.000487499999999998,16.5588437509723,12.3746128790081,,0.000487499999999998,4.18359392369166,
,,,0.000650000000000001,16.5357281737961,12.3480802159756,,0.000650000000000001,4.1878126738593,
,,,0.000812500000000001,16.524170385208,12.330391773954,,0.000812500000000001,4.19343767408282,
,,,0.000975,16.5183914909139,12.3215475529432,,0.000975,4.19625017419457,
,,,0.0011375,16.5183914909139,12.3215475529432,,0.0011375,4.19625017419457,
,,,0.0013,16.5183914909139,12.3215475529432,,0.0013,4.19625017419457,
,,,0.0014625,16.5126125966199,12.3171254424378,,0.0014625,4.1948439241387,
,,,0.001625,16.5126125966199,12.3171254424378,,0.001625,4.1948439241387,
,,,0.0017875,16.5126125966199,12.3127033319324,,0.0017875,4.19906267430633,
,,,0.00195,16.5126125966199,12.3127033319324,,0.00195,4.19906267430633,
,,,0.0021125,16.5126125966199,12.3127033319324,,0.0021125,4.19906267430633,
,,,0.002275,16.5126125966199,12.308281221427,,0.002275,4.20328142447397,
,,,0.0024375,16.5126125966199,12.308281221427,,0.0024375,4.20328142447397,
,,,0.0026,16.5126125966199,12.308281221427,,0.0026,4.20328142447397,
,,,0.0027625,16.5126125966199,12.3038591109216,,0.0027625,4.20890642469749,
,,,0.002925,16.5126125966199,12.3038591109216,,0.002925,4.20890642469749,
,,,0.0030875,16.5126125966199,12.3038591109216,,0.0030875,4.20890642469749,
,,,0.00325,16.5126125966199,12.2994370004162,,0.00325,4.21312517486513,
,,,0.0034125,16.5126125966199,12.2950148899108,,0.0034125,4.21734392503276,
,,,0.003575,16.5126125966199,12.2950148899108,,0.003575,4.21734392503276,
,,,0.0037375,16.5183914909139,12.2950148899108,,0.0037375,4.22296892525628,
,,,0.0039,16.5126125966199,12.2905927794054,,0.0039,4.2215626752004,
,,,0.0040625,16.5183914909139,12.2861706689,,0.0040625,4.23140642559156,
,,,0.004225,16.5183914909139,12.2861706689,,0.004225,4.23140642559156,
,,,0.0043875,16.5183914909139,12.2861706689,,0.0043875,4.23140642559156,
,,,0.00455,16.5183914909139,12.2861706689,,0.00455,4.23140642559156,
,,,0.0047125,16.5183914909139,12.2817485583946,,0.0047125,4.2356251757592,
,,,0.004875,16.5183914909139,12.2817485583946,,0.004875,4.2356251757592,
,,,0.0050375,16.5183914909139,12.2817485583946,,0.0050375,4.2356251757592,
,,,0.0052,16.5183914909139,12.2773264478892,,0.0052,4.23984392592683,
,,,0.0053625,16.524170385208,12.2729043373838,,0.0053625,4.25109392637387,
,,,0.005525,16.524170385208,12.2729043373838,,0.005525,4.25109392637387,
,,,0.0056875,16.524170385208,12.2729043373838,,0.0056875,4.25109392637387,
,,,0.00585,16.524170385208,12.2729043373838,,0.00585,4.25109392637387,
,,,0.0060125,16.524170385208,12.2684822268784,,0.0060125,4.25531267654151,
,,,0.006175,16.524170385208,12.264060116373,,0.006175,4.25953142670915,
,,,0.0063375,16.524170385208,12.264060116373,,0.0063375,4.25953142670915,
,,,0.0065,16.524170385208,12.264060116373,,0.0065,4.25953142670915,
,,,0.0066625,16.5183914909139,12.264060116373,,0.0066625,4.25390642648563,
,,,0.006825,16.524170385208,12.2596380058676,,0.006825,4.26375017687678,
,,,0.0069875,16.524170385208,12.2596380058676,,0.0069875,4.26375017687678,
,,,0.00715,16.524170385208,12.2596380058676,,0.00715,4.26375017687678,
,,,0.0073125,16.524170385208,12.2596380058676,,0.0073125,4.26375017687678,
,,,0.007475,16.524170385208,12.2552158953622,,0.007475,4.26796892704442,
,,,0.0076375,16.524170385208,12.2596380058676,,0.0076375,4.26375017687678,
,,,0.0078,16.529949279502,12.2552158953622,,0.0078,4.27359392726794,
,,,0.0079625,16.529949279502,12.2552158953622,,0.0079625,4.27359392726794,
,,,0.008125,16.524170385208,12.2552158953622,,0.008125,4.26796892704442,
,,,0.0082875,16.529949279502,12.2552158953622,,0.0082875,4.27359392726794,
,,,0.00845,16.524170385208,12.2507937848568,,0.00845,4.27218767721206,
,,,0.0086125,16.529949279502,12.2507937848568,,0.0086125,4.27921892749146,
,,,0.008775,16.529949279502,12.2507937848568,,0.008775,4.27921892749146,
,,,0.0089375,16.529949279502,12.2507937848568,,0.0089375,4.27921892749146,
,,,0.0091,16.529949279502,12.2507937848568,,0.0091,4.27921892749146,
,,,0.0092625,16.529949279502,12.2463716743514,,0.0092625,4.28343767765909,
,,,0.009425,16.529949279502,12.2463716743514,,0.009425,4.28343767765909,
,,,0.0095875,16.529949279502,12.2463716743514,,0.0095875,4.28343767765909,
,,,0.00975,16.529949279502,12.2463716743514,,0.00975,4.28343767765909,
,,,0.0099125,16.529949279502,12.2463716743514,,0.0099125,4.28343767765909,
,,,0.010075,16.529949279502,12.2463716743514,,0.010075,4.28343767765909,
,,,0.0102375,16.529949279502,12.2463716743514,,0.0102375,4.28343767765909,
,,,0.0104,16.5357281737961,12.241949563846,,0.0104,4.29328142805025,
,,,0.0105625,16.5357281737961,12.241949563846,,0.0105625,4.29328142805025,
,,,0.010725,16.529949279502,12.241949563846,,0.010725,4.28765642782673,
,,,0.0108875,16.529949279502,12.2375274533406,,0.0108875,4.29187517799437,
,,,0.01105,16.5357281737961,12.2375274533406,,0.01105,4.29750017821789,
,,,0.0112125,16.5357281737961,12.2375274533406,,0.0112125,4.29750017821789,
,,,0.011375,16.5357281737961,12.2375274533406,,0.011375,4.29750017821789,
,,,0.0115375,16.5357281737961,12.2375274533406,,0.0115375,4.29750017821789,
,,,0.0117,16.529949279502,12.2331053428352,,0.0117,4.29609392816201,
,,,0.0118625,16.5357281737961,12.2331053428352,,0.0118625,4.30171892838553,
,,,0.012025,16.5357281737961,12.2331053428352,,0.012025,4.30171892838553,
,,,0.0121875,16.5357281737961,12.2286832323298,,0.0121875,4.30593767855316,
,,,0.01235,16.5357281737961,12.2242611218244,,0.01235,4.31156267877668,
,,,0.0125125,16.5357281737961,12.2242611218244,,0.0125125,4.31156267877668,
,,,0.012675,16.5357281737961,12.219839011319,,0.012675,4.31578142894432,
,,,0.0128375,16.5357281737961,12.2154169008136,,0.0128375,4.32000017911196,
,,,0.013,16.5357281737961,12.2109947903082,,0.013,4.3242189292796,
,,,0.0131625,16.5357281737961,12.2154169008136,,0.0131625,4.32000017911196,
,,,0.013325,16.5357281737961,12.2109947903082,,0.013325,4.3242189292796,
,,,0.0134875,16.529949279502,12.2109947903082,,0.0134875,4.31859392905608,
,,,0.01365,16.5357281737961,12.2109947903082,,0.01365,4.3242189292796,
,,,0.0138125,16.529949279502,12.2065726798028,,0.0138125,4.32281267922372,
,,,0.013975,16.5357281737961,12.2021505692974,,0.013975,4.33265642961487,
,,,0.0141375,16.529949279502,12.2021505692974,,0.0141375,4.32703142939135,
,,,0.0143,16.529949279502,12.2021505692974,,0.0143,4.32703142939135,
,,,0.0144625,16.529949279502,12.197728458792,,0.0144625,4.33125017955899,
,,,0.014625,16.529949279502,12.197728458792,,0.014625,4.33125017955899,
,,,0.0147875,16.5357281737961,12.1933063482866,,0.0147875,4.34250018000603,
,,,0.01495,16.529949279502,12.1888842377812,,0.01495,4.34109392995015,
,,,0.0151125,16.5357281737961,12.1933063482866,,0.0151125,4.34250018000603,
,,,0.015275,16.5357281737961,12.1888842377812,,0.015275,4.34671893017367,
,,,0.0154375,16.5357281737961,12.1844621272758,,0.0154375,4.3509376803413,
,,,0.0156,16.529949279502,12.1888842377812,,0.0156,4.34109392995015,
,,,0.0157625,16.529949279502,12.1844621272758,,0.0157625,4.34531268011779,
,,,0.015925,16.5357281737961,12.1844621272758,,0.015925,4.3509376803413,
,,,0.0160875,16.5357281737961,12.1844621272758,,0.0160875,4.3509376803413,
,,,0.01625,16.529949279502,12.1800400167704,,0.01625,4.34953143028542,
,,,0.0164125,16.529949279502,12.1800400167704,,0.0164125,4.34953143028542,
,,,0.016575,16.529949279502,12.1800400167704,,0.016575,4.34953143028542,
,,,0.0167375,16.529949279502,12.1800400167704,,0.0167375,4.34953143028542,
,,,0.0169,16.529949279502,12.1800400167704,,0.0169,4.34953143028542,
,,,0.0170625,16.524170385208,12.1800400167704,,0.0170625,4.34390643006191,
,,,0.017225,16.529949279502,12.175617906265,,0.017225,4.35375018045306,
,,,0.0173875,16.529949279502,12.175617906265,,0.0173875,4.35375018045306,
,,,0.01755,16.529949279502,12.175617906265,,0.01755,4.35375018045306,
,,,0.0177125,16.529949279502,12.175617906265,,0.0177125,4.35375018045306,
,,,0.017875,16.529949279502,12.1711957957596,,0.017875,4.3579689306207,
,,,0.0180375,16.529949279502,12.1711957957596,,0.0180375,4.3579689306207,
,,,0.0182,16.529949279502,12.1711957957596,,0.0182,4.3579689306207,
,,,0.0183625,16.529949279502,12.1711957957596,,0.0183625,4.3579689306207,
,,,0.018525,16.529949279502,12.1711957957596,,0.018525,4.3579689306207,
,,,0.0186875,16.524170385208,12.1711957957596,,0.0186875,4.35234393039718,
,,,0.01885,16.529949279502,12.1711957957596,,0.01885,4.3579689306207,
,,,0.0190125,16.524170385208,12.1667736852542,,0.0190125,4.35656268056482,
,,,0.019175,16.529949279502,12.1667736852542,,0.019175,4.36218768078834,
,,,0.0193375,16.529949279502,12.1623515747488,,0.0193375,4.36640643095598,
,,,0.0195,16.524170385208,12.1623515747488,,0.0195,4.36078143073246,
,,,0.0196625,16.529949279502,12.1623515747488,,0.0196625,4.36640643095598,
,,,0.019825,16.529949279502,12.1579294642434,,0.019825,4.37203143117949,
,,,0.0199875,16.524170385208,12.1579294642434,,0.0199875,4.36640643095598,
,,,0.02015,16.524170385208,12.153507353738,,0.02015,4.37062518112361,
,,,0.0203125,16.529949279502,12.153507353738,,0.0203125,4.37625018134713,
,,,0.020475,16.524170385208,12.1490852432325,,0.020475,4.37484393129125,
,,,0.0206375,16.524170385208,12.1490852432325,,0.0206375,4.37484393129125,
,,,0.0208,16.524170385208,12.1490852432325,,0.0208,4.37484393129125,
,,,0.0209625,16.524170385208,12.1446631327271,,0.0209625,4.37906268145889,
,,,0.021125,16.524170385208,12.1446631327271,,0.021125,4.37906268145889,
,,,0.0212875,16.524170385208,12.1402410222217,,0.0212875,4.38328143162653,
,,,0.02145,16.5183914909139,12.1402410222217,,0.02145,4.37765643140301,
,,,0.0216125,16.524170385208,12.1313968012109,,0.0216125,4.3917189319618,
,,,0.021775,16.5183914909139,12.1313968012109,,0.021775,4.38609393173829,
,,,0.0219375,16.5183914909139,12.1269746907055,,0.0219375,4.39031268190593,
,,,0.0221,16.5183914909139,12.1269746907055,,0.0221,4.39031268190593,
,,,0.0222625,16.5183914909139,12.1225525802001,,0.0222625,4.39593768212944,
,,,0.022425,16.5183914909139,12.1225525802001,,0.022425,4.39593768212944,
,,,0.0225875,16.5183914909139,12.1181304696947,,0.0225875,4.40015643229708,
,,,0.02275,16.5183914909139,12.1181304696947,,0.02275,4.40015643229708,
,,,0.0229125,16.5126125966199,12.1181304696947,,0.0229125,4.39453143207356,
,,,0.023075,16.5126125966199,12.1181304696947,,0.023075,4.39453143207356,
,,,0.0232375,16.5126125966199,12.1137083591893,,0.0232375,4.3987501822412,
,,,0.0234,16.5126125966199,12.1137083591893,,0.0234,4.3987501822412,
,,,0.0235625,16.5126125966199,12.1137083591893,,0.0235625,4.3987501822412,
,,,0.023725,16.5126125966199,12.1137083591893,,0.023725,4.3987501822412,
,,,0.0238875,16.5126125966199,12.1092862486839,,0.0238875,4.40296893240884,
,,,0.02405,16.5126125966199,12.1092862486839,,0.02405,4.40296893240884,
,,,0.0242125,16.5126125966199,12.1092862486839,,0.0242125,4.40296893240884,
,,,0.024375,16.5126125966199,12.1048641381785,,0.024375,4.40718768257648,
,,,0.0245375,16.5126125966199,12.1048641381785,,0.0245375,4.40718768257648,
,,,0.0247,16.5126125966199,12.1048641381785,,0.0247,4.40718768257648,
,,,0.0248625,16.5068337023258,12.1048641381785,,0.0248625,4.40156268235296,
,,,0.025025,16.5126125966199,12.1048641381785,,0.025025,4.40718768257648,
,,,0.0251875,16.5068337023258,12.1048641381785,,0.0251875,4.40156268235296,
,,,0.02535,16.5068337023258,12.1004420276731,,0.02535,4.4057814325206,
,,,0.0255125,16.5068337023258,12.1004420276731,,0.0255125,4.4057814325206,
,,,0.025675,16.5068337023258,12.0960199171677,,0.025675,4.41000018268824,
,,,0.0258375,16.5068337023258,12.0960199171677,,0.0258375,4.41000018268824,
,,,0.026,16.5068337023258,12.0960199171677,,0.026,4.41000018268824,
,,,0.0261625,16.5010548080318,12.0915978066623,,0.0261625,4.40859393263236,
,,,0.026325,16.5068337023258,12.0915978066623,,0.026325,4.41421893285587,
,,,0.0264875,16.5068337023258,12.0871756961569,,0.0264875,4.41843768302351,
,,,0.02665,16.5010548080318,12.0827535856515,,0.02665,4.41843768302351,
,,,0.0268125,16.5010548080318,12.0827535856515,,0.0268125,4.41843768302351,
,,,0.026975,16.5010548080318,12.0783314751461,,0.026975,4.42265643319115,
,,,0.0271375,16.5010548080318,12.0739093646407,,0.0271375,4.42687518335879,
,,,0.0273,16.5010548080318,12.0694872541353,,0.0273,4.43109393352643,
,,,0.0274625,16.5010548080318,12.0650651436299,,0.0274625,4.43531268369406,
,,,0.027625,16.5010548080318,12.0650651436299,,0.027625,4.43531268369406,
,,,0.0277875,16.5010548080318,12.0562209226191,,0.0277875,4.44375018402934,
,,,0.02795,16.4952759137377,12.0606430331245,,0.02795,4.43390643363819,
,,,0.0281125,16.4952759137377,12.0562209226191,,0.0281125,4.43812518380582,
,,,0.028275,16.4952759137377,12.0517988121137,,0.028275,4.44234393397346,
,,,0.0284375,16.4952759137377,12.0517988121137,,0.0284375,4.44234393397346,
,,,0.0286,16.4952759137377,12.0473767016083,,0.0286,4.44796893419698,
,,,0.0287625,16.4952759137377,12.0429545911029,,0.0287625,4.45218768436462,
,,,0.028925,16.4894970194437,12.0429545911029,,0.028925,4.4465626841411,
,,,0.0290875,16.4894970194437,12.0429545911029,,0.0290875,4.4465626841411,
,,,0.02925,16.4894970194437,12.0429545911029,,0.02925,4.4465626841411,
,,,0.0294125,16.4894970194437,12.0385324805975,,0.0294125,4.45078143430874,
,,,0.029575,16.4894970194437,12.0385324805975,,0.029575,4.45078143430874,
,,,0.0297375,16.4894970194437,12.0341103700921,,0.0297375,4.45500018447638,
,,,0.0299,16.4894970194437,12.0341103700921,,0.0299,4.45500018447638,
,,,0.0300625,16.4837181251496,12.0341103700921,,0.0300625,4.44937518425286,
,,,0.030225,16.4894970194437,12.0341103700921,,0.030225,4.45500018447638,
,,,0.0303875,16.4837181251496,12.0341103700921,,0.0303875,4.44937518425286,
,,,0.03055,16.4779392308556,12.0296882595867,,0.03055,4.44796893419698,
,,,0.0307125,16.4721603365615,12.0296882595867,,0.0307125,4.44234393397346,
,,,0.030875,16.4779392308556,12.0296882595867,,0.030875,4.44796893419698,
,,,0.0310375,16.4721603365615,12.0252661490813,,0.0310375,4.4465626841411,
,,,0.0312,16.4721603365615,12.0252661490813,,0.0312,4.4465626841411,
,,,0.0313625,16.4663814422674,12.0208440385759,,0.0313625,4.44515643408522,
,,,0.031525,16.4663814422674,12.0164219280705,,0.031525,4.44937518425286,
,,,0.0316875,16.4663814422674,12.0164219280705,,0.0316875,4.44937518425286,
,,,0.03185,16.4663814422674,12.0075777070597,,0.03185,4.45781268458813,
,,,0.0320125,16.4606025479734,12.0075777070597,,0.0320125,4.45218768436462,
,,,0.032175,16.4606025479734,12.0031555965543,,0.032175,4.45640643453225,
,,,0.0323375,16.4548236536793,11.9987334860489,,0.0323375,4.45500018447638,
,,,0.0325,16.4548236536793,11.9943113755435,,0.0325,4.46062518469989,
,,,0.0326625,16.4490447593853,11.9943113755435,,0.0326625,4.4535939344205,
,,,0.032825,16.4490447593853,11.9898892650381,,0.032825,4.45921893464401,
,,,0.0329875,16.4432658650912,11.9810450440273,,0.0329875,4.46203143475577,
,,,0.03315,16.4432658650912,11.9810450440273,,0.03315,4.46203143475577,
,,,0.0333125,16.4374869707972,11.9766229335219,,0.0333125,4.46062518469989,
,,,0.033475,16.4374869707972,11.9766229335219,,0.033475,4.46062518469989,
,,,0.0336375,16.4317080765031,11.9722008230165,,0.0336375,4.45921893464401,
,,,0.0338,16.4374869707972,11.9722008230165,,0.0338,4.46484393486753,
,,,0.0339625,16.4317080765031,11.9722008230165,,0.0339625,4.45921893464401,
,,,0.034125,16.4317080765031,11.9677787125111,,0.034125,4.46343768481165,
,,,0.0342875,16.4259291822091,11.9677787125111,,0.0342875,4.45781268458813,
,,,0.03445,16.4259291822091,11.9677787125111,,0.03445,4.45781268458813,
,,,0.0346125,16.4259291822091,11.9633566020057,,0.0346125,4.46203143475577,
,,,0.034775,16.420150287915,11.9633566020057,,0.034775,4.45640643453225,
,,,0.0349375,16.420150287915,11.9633566020057,,0.0349375,4.45640643453225,
,,,0.0351,16.420150287915,11.9633566020057,,0.0351,4.45640643453225,
,,,0.0352625,16.420150287915,11.9633566020057,,0.0352625,4.45640643453225,
,,,0.035425,16.414371393621,11.9589344915003,,0.035425,4.45500018447638,
,,,0.0355875,16.414371393621,11.9589344915003,,0.0355875,4.45500018447638,
,,,0.03575,16.414371393621,11.9545123809949,,0.03575,4.45921893464401,
,,,0.0359125,16.414371393621,11.9545123809949,,0.0359125,4.45921893464401,
,,,0.036075,16.414371393621,11.9500902704895,,0.036075,4.46343768481165,
,,,0.0362375,16.414371393621,11.9456681599841,,0.0362375,4.46765643497929,
,,,0.0364,16.4085924993269,11.9412460494787,,0.0364,4.46625018492341,
,,,0.0365625,16.4085924993269,11.9412460494787,,0.0365625,4.46625018492341,
,,,0.036725,16.4085924993269,11.9368239389732,,0.036725,4.47187518514693,
,,,0.0368875,16.4085924993269,11.9324018284678,,0.0368875,4.47609393531457,
,,,0.03705,16.4085924993269,11.9279797179624,,0.03705,4.4803126854822,
,,,0.0372125,16.4085924993269,11.923557607457,,0.0372125,4.48453143564984,
,,,0.037375,16.4085924993269,11.9191354969516,,0.037375,4.48875018581748,
,,,0.0375375,16.4028136050329,11.9191354969516,,0.0375375,4.48312518559396,
,,,0.0377,16.4028136050329,11.9147133864462,,0.0377,4.4873439357616,
,,,0.0378625,16.4028136050329,11.9102912759408,,0.0378625,4.49156268592924,
,,,0.038025,16.3970347107388,11.9058691654354,,0.038025,4.49015643587336,
,,,0.0381875,16.3970347107388,11.9058691654354,,0.0381875,4.49015643587336,
,,,0.03835,16.3970347107388,11.90144705493,,0.03835,4.494375186041,
,,,0.0385125,16.3912558164448,11.90144705493,,0.0385125,4.48875018581748,
,,,0.038675,16.3854769221507,11.8970249444246,,0.038675,4.4873439357616,
,,,0.0388375,16.3854769221507,11.8970249444246,,0.0388375,4.4873439357616,
,,,0.039,16.3796980278566,11.8970249444246,,0.039,4.48171893553808,
,,,0.0391625,16.3796980278566,11.8926028339192,,0.0391625,4.48593768570572,
,,,0.039325,16.3796980278566,11.8926028339192,,0.039325,4.48593768570572,
,,,0.0394875,16.3739191335626,11.8926028339192,,0.0394875,4.4803126854822,
,,,0.03965,16.3681402392685,11.8881807234138,,0.03965,4.47890643542632,
,,,0.0398125,16.3681402392685,11.8881807234138,,0.0398125,4.47890643542632,
,,,0.039975,16.3623613449745,11.8837586129084,,0.039975,4.47750018537045,
,,,0.0401375,16.3565824506804,11.879336502403,,0.0401375,4.47609393531457,
,,,0.0403,16.3508035563864,11.8749143918976,,0.0403,4.47468768525869,
,,,0.0404625,16.3508035563864,11.8749143918976,,0.0404625,4.47468768525869,
,,,0.040625,16.3450246620923,11.8704922813922,,0.040625,4.47468768525869,
,,,0.0407875,16.3450246620923,11.8660701708868,,0.0407875,4.47890643542632,
,,,0.04095,16.3392457677983,11.8616480603814,,0.04095,4.47750018537045,
,,,0.0411125,16.3392457677983,11.8528038393706,,0.0411125,4.48593768570572,
,,,0.041275,16.3392457677983,11.8528038393706,,0.041275,4.48593768570572,
,,,0.0414375,16.3392457677983,11.8483817288652,,0.0414375,4.49015643587336,
,,,0.0416,16.3334668735042,11.8395375078544,,0.0416,4.49296893598512,
,,,0.0417625,16.3334668735042,11.835115397349,,0.0417625,4.49718768615276,
,,,0.041925,16.3276879792102,11.835115397349,,0.041925,4.49156268592924,
,,,0.0420875,16.3276879792102,11.8306932868436,,0.0420875,4.49578143609688,
,,,0.04225,16.3276879792102,11.8262711763382,,0.04225,4.50140643632039,
,,,0.0424125,16.3219090849161,11.8262711763382,,0.0424125,4.49578143609688,
,,,0.042575,16.3219090849161,11.8262711763382,,0.042575,4.49578143609688,
,,,0.0427375,16.3219090849161,11.8218490658328,,0.0427375,4.50000018626451,
,,,0.0429,16.3219090849161,11.8218490658328,,0.0429,4.50000018626451,
,,,0.0430625,16.3161301906221,11.8174269553274,,0.0430625,4.49859393620864,
,,,0.043225,16.3161301906221,11.8174269553274,,0.043225,4.49859393620864,
,,,0.0433875,16.3161301906221,11.813004844822,,0.0433875,4.50281268637627,
,,,0.04355,16.3161301906221,11.8085827343166,,0.04355,4.50703143654391,
,,,0.0437125,16.3161301906221,11.8085827343166,,0.0437125,4.50703143654391,
,,,0.043875,16.310351296328,11.8041606238112,,0.043875,4.50562518648803,
,,,0.0440375,16.310351296328,11.7953164028004,,0.0440375,4.51406268682331,
,,,0.0442,16.310351296328,11.790894292295,,0.0442,4.51828143699095,
,,,0.0443625,16.304572402034,11.7864721817896,,0.0443625,4.51687518693507,
,,,0.044525,16.304572402034,11.7820500712842,,0.044525,4.52250018715858,
,,,0.0446875,16.2987935077399,11.7776279607788,,0.0446875,4.52109393710271,
,,,0.04485,16.2930146134458,11.7732058502734,,0.04485,4.51968768704683,
,,,0.0450125,16.2930146134458,11.768783739768,,0.0450125,4.52390643721446,
,,,0.045175,16.2930146134458,11.768783739768,,0.045175,4.52390643721446,
,,,0.0453375,16.2872357191518,11.7643616292626,,0.0453375,4.52250018715858,
,,,0.0455,16.2872357191518,11.7599395187572,,0.0455,4.52671893732622,
,,,0.0456625,16.2814568248577,11.7599395187572,,0.0456625,4.52109393710271,
,,,0.045825,16.2756779305637,11.7555174082518,,0.045825,4.51968768704683,
,,,0.0459875,16.2698990362696,11.7555174082518,,0.0459875,4.51406268682331,
,,,0.04615,16.2641201419756,11.7555174082518,,0.04615,4.50843768659979,
,,,0.0463125,16.2641201419756,11.7510952977464,,0.0463125,4.51265643676743,
,,,0.046475,16.2583412476815,11.7510952977464,,0.046475,4.50703143654391,
,,,0.0466375,16.2525623533875,11.7510952977464,,0.0466375,4.50140643632039,
,,,0.0468,16.2467834590934,11.746673187241,,0.0468,4.50000018626451,
,,,0.0469625,16.2467834590934,11.746673187241,,0.0469625,4.50000018626451,
,,,0.047125,16.2410045647994,11.7422510767356,,0.047125,4.49859393620864,
,,,0.0472875,16.2410045647994,11.7378289662302,,0.0472875,4.50281268637627,
,,,0.04745,16.2352256705053,11.7334068557248,,0.04745,4.50140643632039,
,,,0.0476125,16.2352256705053,11.7289847452193,,0.0476125,4.50562518648803,
,,,0.047775,16.2352256705053,11.7289847452193,,0.047775,4.50562518648803,
,,,0.0479375,16.2294467762113,11.7201405242085,,0.0479375,4.50843768659979,
,,,0.0481,16.2294467762113,11.7157184137031,,0.0481,4.51265643676743,
,,,0.0482625,16.2294467762113,11.7112963031977,,0.0482625,4.51828143699095,
,,,0.048425,16.2294467762113,11.7068741926923,,0.048425,4.52250018715858,
,,,0.0485875,16.2236678819172,11.7024520821869,,0.0485875,4.52109393710271,
,,,0.04875,16.2236678819172,11.6980299716815,,0.04875,4.52531268727034,
,,,0.0489125,16.2178889876232,11.6936078611761,,0.0489125,4.52390643721446,
,,,0.049075,16.2178889876232,11.6891857506707,,0.049075,4.5281251873821,
,,,0.0492375,16.2121100933291,11.6891857506707,,0.0492375,4.52250018715858,
,,,0.0494,16.2121100933291,11.6847636401653,,0.0494,4.52671893732622,
,,,0.0495625,16.206331199035,11.6847636401653,,0.0495625,4.52109393710271,
,,,0.049725,16.206331199035,11.6847636401653,,0.049725,4.52109393710271,
,,,0.0498875,16.206331199035,11.6803415296599,,0.0498875,4.52531268727034,
,,,0.05005,16.1947734104469,11.6803415296599,,0.05005,4.51406268682331,
,,,0.0502125,16.1947734104469,11.6803415296599,,0.0502125,4.51406268682331,
,,,0.050375,16.1832156218588,11.6759194191545,,0.050375,4.50703143654391,
,,,0.0505375,16.1832156218588,11.6759194191545,,0.0505375,4.50703143654391,
,,,0.0507,16.1832156218588,11.6714973086491,,0.0507,4.51125018671155,
,,,0.0508625,16.1716578332707,11.6714973086491,,0.0508625,4.50000018626451,
,,,0.051025,16.1716578332707,11.6670751981437,,0.051025,4.50421893643215,
,,,0.0511875,16.1716578332707,11.6626530876383,,0.0511875,4.50843768659979,
,,,0.05135,16.1601000446826,11.6582309771329,,0.05135,4.50140643632039,
,,,0.0515125,16.1601000446826,11.6582309771329,,0.0515125,4.50140643632039,
,,,0.051675,16.1543211503886,11.6449646456167,,0.051675,4.50843768659979,
,,,0.0518375,16.1543211503886,11.6405425351113,,0.0518375,4.51265643676743,
,,,0.052,16.1485422560945,11.6405425351113,,0.052,4.50703143654391,
,,,0.0521625,16.1485422560945,11.6316983141005,,0.0521625,4.51687518693507,
,,,0.052325,16.1427633618005,11.6316983141005,,0.052325,4.50984393665567,
,,,0.0524875,16.1427633618005,11.6272762035951,,0.0524875,4.51546893687919,
,,,0.05265,16.1427633618005,11.6228540930897,,0.05265,4.51968768704683,
,,,0.0528125,16.1369844675064,11.6184319825843,,0.0528125,4.51828143699095,
,,,0.052975,16.1369844675064,11.6184319825843,,0.052975,4.51828143699095,
,,,0.0531375,16.1369844675064,11.6140098720789,,0.0531375,4.52250018715858,
,,,0.0533,16.1312055732124,11.6140098720789,,0.0533,4.51687518693507,
,,,0.0534625,16.1312055732124,11.6095877615735,,0.0534625,4.52109393710271,
,,,0.053625,16.1312055732124,11.6095877615735,,0.053625,4.52109393710271,
,,,0.0537875,16.1312055732124,11.6095877615735,,0.0537875,4.52109393710271,
,,,0.05395,16.1254266789183,11.6051656510681,,0.05395,4.51968768704683,
,,,0.0541125,16.1254266789183,11.6007435405627,,0.0541125,4.52390643721446,
,,,0.054275,16.1196477846242,11.6007435405627,,0.054275,4.51828143699095,
,,,0.0544375,16.1138688903302,11.5963214300573,,0.0544375,4.51687518693507,
,,,0.0546,16.1138688903302,11.5918993195519,,0.0546,4.52109393710271,
,,,0.0547625,16.1080899960361,11.5874772090465,,0.0547625,4.51968768704683,
,,,0.054925,16.1023111017421,11.5786329880357,,0.054925,4.52250018715858,
,,,0.0550875,16.1023111017421,11.5786329880357,,0.0550875,4.52250018715858,
,,,0.05525,16.096532207448,11.5697887670249,,0.05525,4.52671893732622,
,,,0.0554125,16.090753313154,11.5697887670249,,0.0554125,4.52109393710271,
,,,0.055575,16.0849744188599,11.5653666565195,,0.055575,4.51968768704683,
,,,0.0557375,16.0849744188599,11.5565224355087,,0.0557375,4.5281251873821,
,,,0.0559,16.0791955245659,11.5521003250033,,0.0559,4.52671893732622,
,,,0.0560625,16.0676377359778,11.5476782144979,,0.0560625,4.51968768704683,
,,,0.056225,16.0676377359778,11.5476782144979,,0.056225,4.51968768704683,
,,,0.0563875,16.0676377359778,11.5432561039925,,0.0563875,4.52390643721446,
,,,0.05655,16.0560799473897,11.5432561039925,,0.05655,4.51265643676743,
,,,0.0567125,16.0618588416837,11.5388339934871,,0.0567125,4.52250018715858,
,,,0.056875,16.0503010530956,11.5344118829817,,0.056875,4.51546893687919,
,,,0.0570375,16.0503010530956,11.5344118829817,,0.0570375,4.51546893687919,
,,,0.0572,16.0503010530956,11.5344118829817,,0.0572,4.51546893687919,
,,,0.0573625,16.0445221588016,11.5299897724763,,0.0573625,4.51406268682331,
,,,0.057525,16.0445221588016,11.5255676619709,,0.057525,4.51828143699095,
,,,0.0576875,16.0445221588016,11.5211455514655,,0.0576875,4.52250018715858,
,,,0.05785,16.0387432645075,11.5211455514655,,0.05785,4.51687518693507,
,,,0.0580125,16.0387432645075,11.5123013304546,,0.0580125,4.52531268727034,
,,,0.058175,16.0387432645075,11.5078792199492,,0.058175,4.53093768749386,
,,,0.0583375,16.0329643702134,11.5034571094438,,0.0583375,4.52953143743798,
,,,0.0585,16.0329643702134,11.5034571094438,,0.0585,4.52953143743798,
,,,0.0586625,16.0329643702134,11.494612888433,,0.0586625,4.53796893777326,
,,,0.058825,16.0271854759194,11.4901907779276,,0.058825,4.53656268771738,
,,,0.0589875,16.0271854759194,11.4857686674222,,0.0589875,4.54078143788502,
,,,0.05915,16.0214065816253,11.4813465569168,,0.05915,4.53937518782914,
,,,0.0593125,16.0156276873313,11.4769244464114,,0.0593125,4.53796893777326,
,,,0.059475,16.0156276873313,11.4769244464114,,0.059475,4.53796893777326,
,,,0.0596375,16.0098487930372,11.472502335906,,0.0596375,4.53656268771738,
,,,0.0598,16.0098487930372,11.472502335906,,0.0598,4.53656268771738,
,,,0.0599625,15.9982910044491,11.4680802254006,,0.0599625,4.52953143743798,
,,,0.060125,15.9925121101551,11.4680802254006,,0.060125,4.52390643721446,
,,,0.0602875,15.986733215861,11.4636581148952,,0.0602875,4.52250018715858,
,,,0.06045,15.980954321567,11.4636581148952,,0.06045,4.51687518693507,
,,,0.0606125,15.980954321567,11.4592360043898,,0.0606125,4.52109393710271,
,,,0.060775,15.9751754272729,11.4548138938844,,0.060775,4.51968768704683,
,,,0.0609375,15.9693965329789,11.450391783379,,0.0609375,4.51828143699095,
,,,0.0611,15.9693965329789,11.4459696728736,,0.0611,4.52250018715858,
,,,0.0612625,15.9636176386848,11.4371254518628,,0.0612625,4.52531268727034,
,,,0.061425,15.9636176386848,11.4327033413574,,0.061425,4.53093768749386,
,,,0.0615875,15.9578387443908,11.428281230852,,0.0615875,4.52953143743798,
,,,0.06175,15.9578387443908,11.4238591203466,,0.06175,4.53375018760562,
,,,0.0619125,15.9520598500967,11.4194370098412,,0.0619125,4.53234393754974,
,,,0.062075,15.9520598500967,11.4150148993358,,0.062075,4.53656268771738,
,,,0.0622375,15.9520598500967,11.4105927888304,,0.0622375,4.54078143788502,
,,,0.0624,15.9462809558026,11.406170678325,,0.0624,4.53937518782914,
,,,0.0625625,15.9462809558026,11.4017485678196,,0.0625625,4.54359393799677,
,,,0.062725,15.9462809558026,11.4017485678196,,0.062725,4.54359393799677,
,,,0.0628875,15.9405020615086,11.3973264573142,,0.0628875,4.5421876879409,
,,,0.06305,15.9405020615086,11.3973264573142,,0.06305,4.5421876879409,
,,,0.0632125,15.9347231672145,11.3973264573142,,0.0632125,4.53656268771738,
,,,0.063375,15.9347231672145,11.3929043468088,,0.063375,4.54078143788502,
,,,0.0635375,15.9347231672145,11.3929043468088,,0.0635375,4.54078143788502,
,,,0.0637,15.9231653786264,11.3884822363034,,0.0637,4.53375018760562,
,,,0.0638625,15.9231653786264,11.384060125798,,0.0638625,4.53796893777326,
,,,0.064025,15.9173864843324,11.3796380152926,,0.064025,4.53656268771738,
,,,0.0641875,15.9116075900383,11.3752159047872,,0.0641875,4.5351564376615,
,,,0.06435,15.9116075900383,11.3707937942818,,0.06435,4.54078143788502,
,,,0.0645125,15.9058286957443,11.3663716837764,,0.0645125,4.53937518782914,
,,,0.064675,15.9000498014502,11.361949573271,,0.064675,4.53796893777326,
,,,0.0648375,15.8942709071562,11.3575274627656,,0.0648375,4.53656268771738,
,,,0.065,15.8827131185681,11.3486832417548,,0.065,4.53375018760562,
,,,0.0651625,15.8827131185681,11.3442611312494,,0.0651625,4.53796893777326,
,,,0.065325,15.8827131185681,11.3442611312494,,0.065325,4.53796893777326,
,,,0.0654875,15.876934224274,11.339839020744,,0.0654875,4.53656268771738,
,,,0.06565,15.87115532998,11.3354169102386,,0.06565,4.5351564376615,
,,,0.0658125,15.87115532998,11.3354169102386,,0.0658125,4.5351564376615,
,,,0.065975,15.8653764356859,11.3309947997332,,0.065975,4.53375018760562,
,,,0.0661375,15.8653764356859,11.3309947997332,,0.0661375,4.53375018760562,
,,,0.0663,15.8595975413918,11.3265726892278,,0.0663,4.53234393754974,
,,,0.0664625,15.8595975413918,11.3265726892278,,0.0664625,4.53234393754974,
,,,0.066625,15.8595975413918,11.3265726892278,,0.066625,4.53234393754974,
,,,0.0667875,15.8538186470978,11.3221505787224,,0.0667875,4.53093768749386,
,,,0.06695,15.8538186470978,11.317728468217,,0.06695,4.5351564376615,
,,,0.0671125,15.8538186470978,11.317728468217,,0.0671125,4.5351564376615,
,,,0.067275,15.8538186470978,11.3133063577116,,0.067275,4.53937518782914,
,,,0.0674375,15.8480397528037,11.3088842472062,,0.0674375,4.53796893777326,
,,,0.0676,15.8480397528037,11.3044621367007,,0.0676,4.54359393799677,
,,,0.0677625,15.8422608585097,11.3000400261953,,0.0677625,4.5421876879409,
,,,0.067925,15.8422608585097,11.2911958051845,,0.067925,4.55062518827617,
,,,0.0680875,15.8364819642156,11.2911958051845,,0.0680875,4.54500018805265,
,,,0.06825,15.8364819642156,11.2867736946791,,0.06825,4.54921893822029,
,,,0.0684125,15.8307030699216,11.2779294736683,,0.0684125,4.55203143833205,
,,,0.068575,15.8249241756275,11.2735073631629,,0.068575,4.55062518827617,
,,,0.0687375,15.8191452813335,11.2735073631629,,0.0687375,4.54500018805265,
,,,0.0689,15.8191452813335,11.2690852526575,,0.0689,4.54921893822029,
,,,0.0690625,15.8075874927454,11.2646631421521,,0.0690625,4.5421876879409,
,,,0.069225,15.8018085984513,11.2646631421521,,0.069225,4.53656268771738,
,,,0.0693875,15.8018085984513,11.2602410316467,,0.0693875,4.54078143788502,
,,,0.06955,15.7902508098632,11.2602410316467,,0.06955,4.52953143743798,
,,,0.0697125,15.7902508098632,11.2558189211413,,0.0697125,4.53375018760562,
,,,0.069875,15.7844719155692,11.2558189211413,,0.069875,4.5281251873821,
,,,0.0700375,15.7844719155692,11.2513968106359,,0.0700375,4.53234393754974,
,,,0.0702,15.7786930212751,11.2513968106359,,0.0702,4.52671893732622,
,,,0.0703625,15.772914126981,11.2469747001305,,0.0703625,4.52531268727034,
,,,0.070525,15.772914126981,11.2469747001305,,0.070525,4.52531268727034,
,,,0.0706875,15.772914126981,11.2425525896251,,0.0706875,4.52953143743798,
,,,0.07085,15.767135232687,11.2381304791197,,0.07085,4.5281251873821,
,,,0.0710125,15.767135232687,11.2337083686143,,0.0710125,4.53234393754974,
,,,0.071175,15.7613563383929,11.2292862581089,,0.071175,4.53093768749386,
,,,0.0713375,15.7613563383929,11.2248641476035,,0.0713375,4.53656268771738,
,,,0.0715,15.7613563383929,11.2160199265927,,0.0715,4.54500018805265,
,,,0.0716625,15.7613563383929,11.2071757055819,,0.0716625,4.55343768838793,
,,,0.071825,15.7555774440989,11.2027535950765,,0.071825,4.55203143833205,
,,,0.0719875,15.7555774440989,11.2027535950765,,0.0719875,4.55203143833205,
,,,0.07215,15.7497985498048,11.1983314845711,,0.07215,4.55062518827617,
,,,0.0723125,15.7440196555108,11.1939093740657,,0.0723125,4.54921893822029,
,,,0.072475,15.7382407612167,11.1894872635603,,0.072475,4.54781268816441,
,,,0.0726375,15.7382407612167,11.1894872635603,,0.0726375,4.54781268816441,
,,,0.0728,15.7324618669227,11.1850651530549,,0.0728,4.54640643810853,
,,,0.0729625,15.7324618669227,11.1850651530549,,0.0729625,4.54640643810853,
,,,0.073125,15.7266829726286,11.1806430425495,,0.073125,4.54500018805265,
,,,0.0732875,15.7209040783346,11.1806430425495,,0.0732875,4.53937518782914,
,,,0.07345,15.7151251840405,11.1762209320441,,0.07345,4.53796893777326,
,,,0.0736125,15.7093462897465,11.1717988215387,,0.0736125,4.53656268771738,
,,,0.073775,15.7035673954524,11.1673767110333,,0.073775,4.5351564376615,
,,,0.0739375,15.6977885011584,11.1629546005279,,0.0739375,4.53375018760562,
,,,0.0741,15.6977885011584,11.1585324900225,,0.0741,4.53937518782914,
,,,0.0742625,15.6920096068643,11.1541103795171,,0.0742625,4.53796893777326,
,,,0.074425,15.6862307125703,11.1408440480009,,0.074425,4.54500018805265,
,,,0.0745875,15.6862307125703,11.1408440480009,,0.0745875,4.54500018805265,
,,,0.07475,15.6804518182762,11.1364219374955,,0.07475,4.54359393799677,
,,,0.0749125,15.6804518182762,11.1319998269901,,0.0749125,4.54781268816441,
,,,0.075075,15.6746729239821,11.1275777164847,,0.075075,4.54640643810853,
,,,0.0752375,15.6746729239821,11.1275777164847,,0.0752375,4.54640643810853,
,,,0.0754,15.6688940296881,11.1231556059793,,0.0754,4.54500018805265,
,,,0.0755625,15.6688940296881,11.1231556059793,,0.0755625,4.54500018805265,
,,,0.075725,15.6688940296881,11.1187334954739,,0.075725,4.54921893822029,
,,,0.0758875,15.663115135394,11.1187334954739,,0.0758875,4.54359393799677,
,,,0.07605,15.663115135394,11.1143113849685,,0.07605,4.54781268816441,
,,,0.0762125,15.6573362411,11.1143113849685,,0.0762125,4.5421876879409,
,,,0.076375,15.6573362411,11.1143113849685,,0.076375,4.5421876879409,
,,,0.0765375,15.6515573468059,11.1098892744631,,0.0765375,4.54078143788502,
,,,0.0767,15.6457784525119,11.1098892744631,,0.0767,4.5351564376615,
,,,0.0768625,15.6399995582178,11.1054671639577,,0.0768625,4.53375018760562,
,,,0.077025,15.6342206639238,11.1010450534523,,0.077025,4.53234393754974,
,,,0.0771875,15.6284417696297,11.0966229429469,,0.0771875,4.53093768749386,
,,,0.07735,15.6226628753357,11.0922008324414,,0.07735,4.52953143743798,
,,,0.0775125,15.6168839810416,11.087778721936,,0.0775125,4.5281251873821,
,,,0.077675,15.6168839810416,11.0789345009252,,0.077675,4.53796893777326,
,,,0.0778375,15.6111050867476,11.0745123904198,,0.0778375,4.53656268771738,
,,,0.078,15.6053261924535,11.065668169409,,0.078,4.53937518782914,
,,,0.0781625,15.5995472981595,11.0612460589036,,0.0781625,4.53796893777326,
,,,0.078325,15.5937684038654,11.0568239483982,,0.078325,4.53656268771738,
,,,0.0784875,15.5937684038654,11.0568239483982,,0.0784875,4.53656268771738,
,,,0.07865,15.5879895095713,11.0524018378928,,0.07865,4.5351564376615,
,,,0.0788125,15.5879895095713,11.0479797273874,,0.0788125,4.53937518782914,
,,,0.078975,15.5822106152773,11.043557616882,,0.078975,4.53796893777326,
,,,0.0791375,15.5822106152773,11.043557616882,,0.0791375,4.53796893777326,
,,,0.0793,15.5764317209832,11.043557616882,,0.0793,4.53234393754974,
,,,0.0794625,15.5764317209832,11.0391355063766,,0.0794625,4.53656268771738,
,,,0.079625,15.5764317209832,11.0347133958712,,0.079625,4.54078143788502,
,,,0.0797875,15.5706528266892,11.0347133958712,,0.0797875,4.5351564376615,
,,,0.07995,15.5648739323951,11.0258691748604,,0.07995,4.53796893777326,
,,,0.0801125,15.5648739323951,11.0302912853658,,0.0801125,4.53375018760562,
,,,0.080275,15.5590950381011,11.0170249538496,,0.080275,4.5421876879409,
,,,0.0804375,15.553316143807,11.0170249538496,,0.0804375,4.5351564376615,
,,,0.0806,15.553316143807,11.0081807328388,,0.0806,4.54500018805265,
,,,0.0807625,15.547537249513,11.0037586223334,,0.0807625,4.54359393799677,
,,,0.080925,15.5417583552189,11.0037586223334,,0.080925,4.53796893777326,
,,,0.0810875,15.5359794609249,10.9949144013226,,0.0810875,4.54078143788502,
,,,0.08125,15.5302005666308,10.9904922908172,,0.08125,4.53937518782914,
,,,0.0814125,15.5244216723368,10.9860701803118,,0.0814125,4.53796893777326,
,,,0.081575,15.5186427780427,10.9860701803118,,0.081575,4.53234393754974,
,,,0.0817375,15.5070849894546,10.9816480698064,,0.0817375,4.52531268727034,
,,,0.0819,15.5070849894546,10.977225959301,,0.0819,4.52953143743798,
,,,0.0820625,15.5013060951605,10.977225959301,,0.0820625,4.52390643721446,
,,,0.082225,15.5013060951605,10.977225959301,,0.082225,4.52390643721446,
,,,0.0823875,15.4955272008665,10.9728038487956,,0.0823875,4.52250018715858,
,,,0.08255,15.4897483065724,10.9728038487956,,0.08255,4.51687518693507,
,,,0.0827125,15.4897483065724,10.9683817382902,,0.0827125,4.52109393710271,
,,,0.082875,15.4897483065724,10.9683817382902,,0.082875,4.52109393710271,
,,,0.0830375,15.4897483065724,10.9639596277848,,0.0830375,4.52531268727034,
,,,0.0832,15.4839694122784,10.9595375172794,,0.0832,4.52390643721446,
,,,0.0833625,15.4839694122784,10.955115406774,,0.0833625,4.5281251873821,
,,,0.083525,15.4781905179843,10.9506932962686,,0.083525,4.52671893732622,
,,,0.0836875,15.4781905179843,10.9418490752578,,0.0836875,4.5351564376615,
,,,0.08385,15.4724116236903,10.9374269647524,,0.08385,4.53375018760562,
,,,0.0840125,15.4724116236903,10.933004854247,,0.0840125,4.53937518782914,
,,,0.084175,15.4724116236903,10.9241606332362,,0.084175,4.54781268816441,
,,,0.0843375,15.4608538351022,10.9241606332362,,0.0843375,4.53656268771738,
,,,0.0845,15.4608538351022,10.9153164122254,,0.0845,4.54500018805265,
,,,0.0846625,15.4550749408081,10.9153164122254,,0.0846625,4.53937518782914,
,,,0.084825,15.4492960465141,10.91089430172,,0.084825,4.53796893777326,
,,,0.0849875,15.44351715222,10.9064721912146,,0.0849875,4.53656268771738,
,,,0.08515,15.437738257926,10.9064721912146,,0.08515,4.53093768749386,
,,,0.0853125,15.4319593636319,10.9020500807092,,0.0853125,4.52953143743798,
,,,0.085475,15.4261804693379,10.9020500807092,,0.085475,4.52390643721446,
,,,0.0856375,15.4204015750438,10.8976279702038,,0.0856375,4.52250018715858,
,,,0.0858,15.4204015750438,10.8976279702038,,0.0858,4.52250018715858,
,,,0.0859625,15.4146226807497,10.8932058596984,,0.0859625,4.52109393710271,
,,,0.086125,15.4088437864557,10.888783749193,,0.086125,4.51968768704683,
,,,0.0862875,15.4030648921616,10.8843616386876,,0.0862875,4.51828143699095,
,,,0.08645,15.4030648921616,10.8843616386876,,0.08645,4.51828143699095,
,,,0.0866125,15.4030648921616,10.8755174176767,,0.0866125,4.52671893732622,
,,,0.086775,15.3972859978676,10.8710953071713,,0.086775,4.52531268727034,
,,,0.0869375,15.3972859978676,10.8666731966659,,0.0869375,4.52953143743798,
,,,0.0871,15.3915071035735,10.8578289756551,,0.0871,4.53375018760562,
,,,0.0872625,15.3915071035735,10.8578289756551,,0.0872625,4.53375018760562,
,,,0.087425,15.3915071035735,10.8489847546443,,0.087425,4.5421876879409,
,,,0.0875875,15.3915071035735,10.8489847546443,,0.0875875,4.5421876879409,
,,,0.08775,15.3857282092795,10.8445626441389,,0.08775,4.54078143788502,
,,,0.0879125,15.3799493149854,10.8401405336335,,0.0879125,4.53937518782914,
,,,0.088075,15.3799493149854,10.8401405336335,,0.088075,4.53937518782914,
,,,0.0882375,15.3741704206914,10.8357184231281,,0.0882375,4.53796893777326,
,,,0.0884,15.3741704206914,10.8357184231281,,0.0884,4.53796893777326,
,,,0.0885625,15.3683915263973,10.8357184231281,,0.0885625,4.53234393754974,
,,,0.088725,15.3626126321033,10.8312963126227,,0.088725,4.53093768749386,
,,,0.0888875,15.3568337378092,10.8312963126227,,0.0888875,4.52531268727034,
,,,0.08905,15.3510548435152,10.8268742021173,,0.08905,4.52390643721446,
,,,0.0892125,15.3452759492211,10.8224520916119,,0.0892125,4.52250018715858,
,,,0.089375,15.3394970549271,10.8180299811065,,0.089375,4.52109393710271,
,,,0.0895375,15.333718160633,10.8180299811065,,0.0895375,4.51546893687919,
,,,0.0897,15.3279392663389,10.8136078706011,,0.0897,4.51406268682331,
,,,0.0898625,15.3221603720449,10.8091857600957,,0.0898625,4.51265643676743,
,,,0.090025,15.3221603720449,10.8047636495903,,0.090025,4.51687518693507,
,,,0.0901875,15.3163814777508,10.7959194285795,,0.0901875,4.51968768704683,
,,,0.09035,15.3106025834568,10.7914973180741,,0.09035,4.51828143699095,
,,,0.0905125,15.3048236891627,10.7826530970633,,0.0905125,4.52109393710271,
,,,0.090675,15.3048236891627,10.7738088760525,,0.090675,4.53093768749386,
,,,0.0908375,15.2990447948687,10.7738088760525,,0.0908375,4.52531268727034,
,,,0.091,15.2990447948687,10.7693867655471,,0.091,4.52953143743798,
,,,0.0911625,15.2932659005746,10.7693867655471,,0.0911625,4.52390643721446,
,,,0.091325,15.2932659005746,10.7649646550417,,0.091325,4.5281251873821,
,,,0.0914875,15.2932659005746,10.7649646550417,,0.0914875,4.5281251873821,
,,,0.09165,15.2874870062806,10.7605425445363,,0.09165,4.52671893732622,
,,,0.0918125,15.2817081119865,10.7605425445363,,0.0918125,4.52109393710271,
,,,0.091975,15.2759292176925,10.7605425445363,,0.091975,4.51546893687919,
,,,0.0921375,15.2701503233984,10.7561204340309,,0.0921375,4.51406268682331,
,,,0.0923,15.2643714291044,10.7561204340309,,0.0923,4.50703143654391,
,,,0.0924625,15.2585925348103,10.7516983235255,,0.0924625,4.50703143654391,
,,,0.092625,15.2470347462222,10.7472762130201,,0.092625,4.49859393620864,
,,,0.0927875,15.2470347462222,10.7428541025147,,0.0927875,4.50421893643215,
,,,0.09295,15.2354769576341,10.7384319920093,,0.09295,4.49718768615276,
,,,0.0931125,15.2354769576341,10.7340098815039,,0.0931125,4.50140643632039,
,,,0.093275,15.22969806334,10.7251656604931,,0.093275,4.50421893643215,
,,,0.0934375,15.223919169046,10.7207435499877,,0.0934375,4.50281268637627,
,,,0.0936,15.2181402747519,10.7163214394823,,0.0936,4.50140643632039,
,,,0.0937625,15.2181402747519,10.7074772184715,,0.0937625,4.50984393665567,
,,,0.093925,15.2181402747519,10.7074772184715,,0.093925,4.50984393665567,
,,,0.0940875,15.2123613804579,10.7030551079661,,0.0940875,4.50843768659979,
,,,0.09425,15.2123613804579,10.6986329974607,,0.09425,4.51265643676743,
,,,0.0944125,15.2065824861638,10.6986329974607,,0.0944125,4.50703143654391,
,,,0.094575,15.2065824861638,10.6942108869553,,0.094575,4.51125018671155,
,,,0.0947375,15.2008035918698,10.6897887764499,,0.0947375,4.50984393665567,
,,,0.0949,15.2008035918698,10.6897887764499,,0.0949,4.50984393665567,
,,,0.0950625,15.1950246975757,10.6853666659445,,0.0950625,4.50843768659979,
,,,0.095225,15.1950246975757,10.6853666659445,,0.095225,4.50843768659979,
,,,0.0953875,15.1950246975757,10.6809445554391,,0.0953875,4.51406268682331,
,,,0.09555,15.1892458032817,10.6809445554391,,0.09555,4.50843768659979,
,,,0.0957125,15.1834669089876,10.6721003344283,,0.0957125,4.51125018671155,
,,,0.095875,15.1776880146936,10.6676782239228,,0.095875,4.50984393665567,
,,,0.0960375,15.1661302261055,10.6632561134174,,0.0960375,4.50281268637627,
,,,0.0962,15.1661302261055,10.6632561134174,,0.0962,4.50281268637627,
,,,0.0963625,15.1603513318114,10.6544118924066,,0.0963625,4.50562518648803,
,,,0.096525,15.1545724375173,10.6499897819012,,0.096525,4.50421893643215,
,,,0.0966875,15.1487935432233,10.6499897819012,,0.0966875,4.49859393620864,
,,,0.09685,15.1430146489292,10.6411455608904,,0.09685,4.50140643632039,
,,,0.0970125,15.1372357546352,10.636723450385,,0.0970125,4.50000018626451,
,,,0.097175,15.1314568603411,10.6323013398796,,0.097175,4.49859393620864,
,,,0.0973375,15.1256779660471,10.6278792293742,,0.0973375,4.49718768615276,
,,,0.0975,15.1256779660471,10.6278792293742,,0.0975,4.49718768615276,
,,,0.0976625,15.119899071753,10.6234571188688,,0.0976625,4.49578143609688,
,,,0.097825,15.119899071753,10.6234571188688,,0.097825,4.49578143609688,
,,,0.0979875,15.119899071753,10.6190350083634,,0.0979875,4.50000018626451,
,,,0.09815,15.119899071753,10.6190350083634,,0.09815,4.50000018626451,
,,,0.0983125,15.114120177459,10.6190350083634,,0.0983125,4.494375186041,
,,,0.098475,15.114120177459,10.614612897858,,0.098475,4.49859393620864,
,,,0.0986375,15.114120177459,10.6101907873526,,0.0986375,4.50281268637627,
,,,0.0988,15.1083412831649,10.6057686768472,,0.0988,4.50140643632039,
,,,0.0989625,15.1083412831649,10.6057686768472,,0.0989625,4.50140643632039,
,,,0.099125,15.1025623888709,10.5969244558364,,0.099125,4.50562518648803,
,,,0.0992875,15.1025623888709,10.592502345331,,0.0992875,4.50984393665567,
,,,0.09945,15.0967834945768,10.5880802348256,,0.09945,4.50843768659979,
,,,0.0996125,15.0910046002828,10.5792360138148,,0.0996125,4.51125018671155,
,,,0.099775,15.0910046002828,10.5748139033094,,0.099775,4.51546893687919,
,,,0.0999375,15.0852257059887,10.570391792804,,0.0999375,4.51406268682331,
,,,0.1001,15.0794468116947,10.5659696822986,,0.1001,4.51265643676743,
,,,0.1002625,15.0736679174006,10.5615475717932,,0.1002625,4.51125018671155,
,,,0.100425,15.0621101288125,10.5615475717932,,0.100425,4.50000018626451,
,,,0.1005875,15.0621101288125,10.5571254612878,,0.1005875,4.50421893643215,
,,,0.10075,15.0563312345184,10.5571254612878,,0.10075,4.49859393620864,
,,,0.1009125,15.0505523402244,10.5527033507824,,0.1009125,4.49718768615276,
,,,0.101075,15.0447734459303,10.5527033507824,,0.101075,4.49156268592924,
,,,0.1012375,15.0447734459303,10.548281240277,,0.1012375,4.49578143609688,
,,,0.1014,15.0389945516363,10.548281240277,,0.1014,4.49015643587336,
,,,0.1015625,15.0389945516363,10.548281240277,,0.1015625,4.49015643587336,
,,,0.101725,15.0332156573422,10.5438591297716,,0.101725,4.48875018581748,
,,,0.1018875,15.0332156573422,10.5394370192662,,0.1018875,4.49296893598512,
,,,0.10205,15.0274367630482,10.5350149087608,,0.10205,4.49156268592924,
,,,0.1022125,15.0274367630482,10.5350149087608,,0.1022125,4.49156268592924,
,,,0.102375,15.0216578687541,10.52617068775,,0.102375,4.494375186041,
,,,0.1025375,15.0216578687541,10.52617068775,,0.1025375,4.494375186041,
,,,0.1027,15.0216578687541,10.5217485772446,,0.1027,4.50000018626451,
,,,0.1028625,15.0216578687541,10.5129043562338,,0.1028625,4.50843768659979,
,,,0.103025,15.0158789744601,10.5084822457284,,0.103025,4.50703143654391,
,,,0.1031875,15.010100080166,10.504060135223,,0.1031875,4.50562518648803,
,,,0.10335,15.010100080166,10.4996380247176,,0.10335,4.50984393665567,
,,,0.1035125,-0.494673310779035,-0.387598039582372,,0.1035125,-0.10828124685213,
,,,0.103675,-0.367537636309862,-0.263778945431113,,0.103675,-0.104062496684492,
,,,0.1038375,-0.309748693369329,-0.210713619366288,,0.1038375,-0.0998437465168536,
,,,0.104,-0.280854221899062,-0.184180956333876,,0.104,-0.0970312464050949,
,,,0.1041625,-0.257738644722849,-0.162070403806865,,0.1041625,-0.0956249963492155,
,,,0.104325,-0.246180856134742,-0.144381961785257,,0.104325,-0.102656246628612,
,,,0.1044875,-0.234623067546636,-0.139959851279855,,0.1044875,-0.0956249963492155,
,,,0.10465,-0.223065278958529,-0.131115630269051,,0.10465,-0.0928124962374568,
,,,0.1048125,-0.217286384664476,-0.126693519763649,,0.1048125,-0.0914062461815774,
,,,0.104975,-0.211507490370423,-0.122271409258246,,0.104975,-0.0899999961256981,
,,,0.1051375,-0.205728596076369,-0.117849298752844,,0.1051375,-0.0885937460698187,
,,,0.1053,-0.205728596076369,-0.113427188247442,,0.1053,-0.0928124962374568,
,,,0.1054625,-0.199949701782316,-0.10900507774204,,0.1054625,-0.0914062461815774,
,,,0.105625,-0.194170807488263,-0.104582967236638,,0.105625,-0.0899999961256981,
,,,0.1057875,-0.188391913194209,-0.104582967236638,,0.1057875,-0.0843749959021807,
,,,0.10595,-0.188391913194209,-0.100160856731236,,0.10595,-0.0885937460698187,
,,,0.1061125,-0.188391913194209,-0.100160856731236,,0.1061125,-0.0885937460698187,
,,,0.106275,-0.188391913194209,-0.0957387462258339,,0.106275,-0.0928124962374568,
,,,0.1064375,-0.182613018900156,-0.0957387462258339,,0.1064375,-0.0871874960139394,
,,,0.1066,-0.182613018900156,-0.0913166357204318,,0.1066,-0.0914062461815774,
,,,0.1067625,-0.182613018900156,-0.0957387462258339,,0.1067625,-0.0871874960139394,
,,,0.106925,-0.182613018900156,-0.0913166357204318,,0.106925,-0.0914062461815774,
,,,0.1070875,-0.182613018900156,-0.0913166357204318,,0.1070875,-0.0914062461815774,
,,,0.10725,-0.176834124606103,-0.0868945252150297,,0.10725,-0.0899999961256981,
,,,0.1074125,-0.176834124606103,-0.0868945252150297,,0.1074125,-0.0899999961256981,
,,,0.107575,-0.176834124606103,-0.0868945252150297,,0.107575,-0.0899999961256981,
,,,0.1077375,-0.176834124606103,-0.0868945252150297,,0.1077375,-0.0899999961256981,
,,,0.1079,-0.176834124606103,-0.0824724147096276,,0.1079,-0.0942187462933362,
,,,0.1080625,-0.171055230312049,-0.0824724147096276,,0.1080625,-0.0885937460698187,
,,,0.108225,-0.171055230312049,-0.0824724147096276,,0.108225,-0.0885937460698187,
,,,0.1083875,-0.171055230312049,-0.0824724147096276,,0.1083875,-0.0885937460698187,
,,,0.10855,-0.171055230312049,-0.0824724147096276,,0.10855,-0.0885937460698187,
,,,0.1087125,-0.165276336017996,-0.0780503042042255,,0.1087125,-0.0871874960139394,
,,,0.108875,-0.171055230312049,-0.0824724147096276,,0.108875,-0.0885937460698187,
,,,0.1090375,-0.171055230312049,-0.0824724147096276,,0.1090375,-0.0885937460698187,
,,,0.1092,-0.171055230312049,-0.0824724147096276,,0.1092,-0.0885937460698187,
,,,0.1093625,-0.171055230312049,-0.0780503042042255,,0.1093625,-0.0928124962374568,
,,,0.109525,-0.171055230312049,-0.0824724147096276,,0.109525,-0.0885937460698187,
,,,0.1096875,-0.165276336017996,-0.0780503042042255,,0.1096875,-0.0871874960139394,
,,,0.10985,-0.171055230312049,-0.0780503042042255,,0.10985,-0.0928124962374568,
,,,0.1100125,-0.171055230312049,-0.0736281936988235,,0.1100125,-0.0984374964609742,
,,,0.110175,-0.171055230312049,-0.0780503042042255,,0.110175,-0.0928124962374568,
,,,0.1103375,-0.171055230312049,-0.0780503042042255,,0.1103375,-0.0928124962374568,
,,,0.1105,-0.165276336017996,-0.0780503042042255,,0.1105,-0.0871874960139394,
,,,0.1106625,-0.165276336017996,-0.0780503042042255,,0.1106625,-0.0871874960139394,
,,,0.110825,-0.165276336017996,-0.0780503042042255,,0.110825,-0.0871874960139394,
,,,0.1109875,-0.165276336017996,-0.0780503042042255,,0.1109875,-0.0871874960139394,
,,,0.11115,-0.165276336017996,-0.0780503042042255,,0.11115,-0.0871874960139394,
,,,0.1113125,-0.165276336017996,-0.0780503042042255,,0.1113125,-0.0871874960139394,
,,,0.111475,-0.165276336017996,-0.0780503042042255,,0.111475,-0.0871874960139394,
,,,0.1116375,-0.165276336017996,-0.0780503042042255,,0.1116375,-0.0871874960139394,
,,,0.1118,-0.159497441723943,-0.0780503042042255,,0.1118,-0.081562495790422,
,,,0.1119625,-0.159497441723943,-0.0780503042042255,,0.1119625,-0.081562495790422,
,,,0.112125,-0.159497441723943,-0.0780503042042255,,0.112125,-0.081562495790422,
,,,0.1122875,-0.165276336017996,-0.0780503042042255,,0.1122875,-0.0871874960139394,
,,,0.11245,-0.159497441723943,-0.0780503042042255,,0.11245,-0.081562495790422,
,,,0.1126125,-0.159497441723943,-0.0780503042042255,,0.1126125,-0.081562495790422,
,,,0.112775,-0.159497441723943,-0.0780503042042255,,0.112775,-0.081562495790422,
,,,0.1129375,-0.165276336017996,-0.0736281936988235,,0.1129375,-0.0928124962374568,
,,,0.1131,-0.165276336017996,-0.0780503042042255,,0.1131,-0.0871874960139394,
,,,0.1132625,-0.165276336017996,-0.0736281936988235,,0.1132625,-0.0928124962374568,
,,,0.113425,-0.165276336017996,-0.0780503042042255,,0.113425,-0.0871874960139394,
,,,0.1135875,-0.165276336017996,-0.0780503042042255,,0.1135875,-0.0871874960139394,
,,,0.11375,-0.165276336017996,-0.0736281936988235,,0.11375,-0.0928124962374568,
,,,0.1139125,-0.165276336017996,-0.0780503042042255,,0.1139125,-0.0871874960139394,
,,,0.114075,-0.165276336017996,-0.0736281936988235,,0.114075,-0.0928124962374568,
,,,0.1142375,-0.159497441723943,-0.0736281936988235,,0.1142375,-0.08578124595806,
,,,0.1144,-0.171055230312049,-0.0780503042042255,,0.1144,-0.0928124962374568,
,,,0.1145625,-0.159497441723943,-0.0736281936988235,,0.1145625,-0.08578124595806,
,,,0.114725,-0.165276336017996,-0.0736281936988235,,0.114725,-0.0928124962374568,
,,,0.1148875,-0.165276336017996,-0.0780503042042255,,0.1148875,-0.0871874960139394,
,,,0.11505,-0.165276336017996,-0.0780503042042255,,0.11505,-0.0871874960139394,
,,,0.1152125,-0.165276336017996,-0.0736281936988235,,0.1152125,-0.0928124962374568,
,,,0.115375,-0.165276336017996,-0.0736281936988235,,0.115375,-0.0928124962374568,
,,,0.1155375,-0.165276336017996,-0.0736281936988235,,0.1155375,-0.0928124962374568,
,,,0.1157,-0.165276336017996,-0.0736281936988235,,0.1157,-0.0928124962374568,
,,,0.1158625,-0.165276336017996,-0.0736281936988235,,0.1158625,-0.0928124962374568,
,,,0.116025,-0.165276336017996,-0.0736281936988235,,0.116025,-0.0928124962374568,
,,,0.1161875,-0.165276336017996,-0.0692060831934214,,0.1161875,-0.0970312464050949,
,,,0.11635,-0.165276336017996,-0.0780503042042255,,0.11635,-0.0871874960139394,
,,,0.1165125,-0.159497441723943,-0.0736281936988235,,0.1165125,-0.08578124595806,
,,,0.116675,-0.159497441723943,-0.0736281936988235,,0.116675,-0.08578124595806,
,,,0.1168375,-0.165276336017996,-0.0736281936988235,,0.1168375,-0.0928124962374568,
,,,0.117,-0.165276336017996,-0.0736281936988235,,0.117,-0.0928124962374568,
,,,0.1171625,-0.165276336017996,-0.0736281936988235,,0.1171625,-0.0928124962374568,
,,,0.117325,-0.165276336017996,-0.0736281936988235,,0.117325,-0.0928124962374568,
,,,0.1174875,-0.165276336017996,-0.0736281936988235,,0.1174875,-0.0928124962374568,
,,,0.11765,-0.165276336017996,-0.0736281936988235,,0.11765,-0.0928124962374568,
,,,0.1178125,-0.159497441723943,-0.0736281936988235,,0.1178125,-0.08578124595806,
,,,0.117975,-0.159497441723943,-0.0692060831934214,,0.117975,-0.0914062461815774,
,,,0.1181375,-0.159497441723943,-0.0692060831934214,,0.1181375,-0.0914062461815774,
,,,0.1183,-0.159497441723943,-0.0692060831934214,,0.1183,-0.0914062461815774,
,,,0.1184625,-0.165276336017996,-0.0736281936988235,,0.1184625,-0.0928124962374568,
,,,0.118625,-0.165276336017996,-0.0692060831934214,,0.118625,-0.0970312464050949,
,,,0.1187875,-0.159497441723943,-0.0692060831934214,,0.1187875,-0.0914062461815774,
,,,0.11895,-0.159497441723943,-0.0692060831934214,,0.11895,-0.0914062461815774,
,,,0.1191125,-0.165276336017996,-0.0736281936988235,,0.1191125,-0.0928124962374568,
,,,0.119275,-0.165276336017996,-0.0736281936988235,,0.119275,-0.0928124962374568,
,,,0.1194375,-0.165276336017996,-0.0736281936988235,,0.1194375,-0.0928124962374568,
,,,0.1196,-0.159497441723943,-0.0736281936988235,,0.1196,-0.08578124595806,
,,,0.1197625,-0.165276336017996,-0.0736281936988235,,0.1197625,-0.0928124962374568,
,,,0.119925,-0.159497441723943,-0.0692060831934214,,0.119925,-0.0914062461815774,
,,,0.1200875,-0.165276336017996,-0.0736281936988235,,0.1200875,-0.0928124962374568,
,,,0.12025,-0.159497441723943,-0.0736281936988235,,0.12025,-0.08578124595806,
,,,0.1204125,-0.159497441723943,-0.0692060831934214,,0.1204125,-0.0914062461815774,
,,,0.120575,-0.159497441723943,-0.0736281936988235,,0.120575,-0.08578124595806,
,,,0.1207375,-0.159497441723943,-0.0736281936988235,,0.1207375,-0.08578124595806,
,,,0.1209,-0.159497441723943,-0.0736281936988235,,0.1209,-0.08578124595806,
,,,0.1210625,-0.159497441723943,-0.0736281936988235,,0.1210625,-0.08578124595806,
,,,0.121225,-0.159497441723943,-0.0736281936988235,,0.121225,-0.08578124595806,
,,,0.1213875,-0.153718547429889,-0.0736281936988235,,0.1213875,-0.0801562457345426,
,,,0.12155,-0.159497441723943,-0.0736281936988235,,0.12155,-0.08578124595806,
,,,0.1217125,-0.159497441723943,-0.0736281936988235,,0.1217125,-0.08578124595806,
,,,0.121875,-0.159497441723943,-0.0736281936988235,,0.121875,-0.08578124595806,
,,,0.1220375,-0.159497441723943,-0.0736281936988235,,0.1220375,-0.08578124595806,
,,,0.1222,-0.159497441723943,-0.0736281936988235,,0.1222,-0.08578124595806,
,,,0.1223625,-0.153718547429889,-0.0692060831934214,,0.1223625,-0.0843749959021807,
,,,0.122525,-0.153718547429889,-0.0692060831934214,,0.122525,-0.0843749959021807,
,,,0.1226875,-0.159497441723943,-0.0736281936988235,,0.1226875,-0.08578124595806,
,,,0.12285,-0.159497441723943,-0.0692060831934214,,0.12285,-0.0914062461815774,
,,,0.1230125,-0.159497441723943,-0.0692060831934214,,0.1230125,-0.0914062461815774,
,,,0.123175,-0.159497441723943,-0.0736281936988235,,0.123175,-0.08578124595806,
,,,0.1233375,-0.165276336017996,-0.0736281936988235,,0.1233375,-0.0928124962374568,
,,,0.1235,-0.159497441723943,-0.0692060831934214,,0.1235,-0.0914062461815774,
,,,0.1236625,-0.159497441723943,-0.0736281936988235,,0.1236625,-0.08578124595806,
,,,0.123825,-0.159497441723943,-0.0692060831934214,,0.123825,-0.0914062461815774,
,,,0.1239875,-0.165276336017996,-0.0692060831934214,,0.1239875,-0.0970312464050949,
,,,0.12415,-0.159497441723943,-0.0736281936988235,,0.12415,-0.08578124595806,
,,,0.1243125,-0.165276336017996,-0.0692060831934214,,0.1243125,-0.0970312464050949,
,,,0.124475,-0.159497441723943,-0.0692060831934214,,0.124475,-0.0914062461815774,
,,,0.1246375,-0.159497441723943,-0.0736281936988235,,0.1246375,-0.08578124595806,
,,,0.1248,-0.159497441723943,-0.0692060831934214,,0.1248,-0.0914062461815774,
,,,0.1249625,-0.159497441723943,-0.0692060831934214,,0.1249625,-0.0914062461815774,
,,,0.125125,-0.153718547429889,-0.0692060831934214,,0.125125,-0.0843749959021807,
,,,0.1252875,-0.159497441723943,-0.0692060831934214,,0.1252875,-0.0914062461815774,
,,,0.12545,-0.159497441723943,-0.0736281936988235,,0.12545,-0.08578124595806,
,,,0.1256125,-0.159497441723943,-0.0692060831934214,,0.1256125,-0.0914062461815774,
,,,0.125775,-0.159497441723943,-0.0692060831934214,,0.125775,-0.0914062461815774,
,,,0.1259375,-0.159497441723943,-0.0736281936988235,,0.1259375,-0.08578124595806,
,,,0.1261,-0.159497441723943,-0.0736281936988235,,0.1261,-0.08578124595806,
,,,0.1262625,-0.159497441723943,-0.0692060831934214,,0.1262625,-0.0914062461815774,
,,,0.126425,-0.159497441723943,-0.0736281936988235,,0.126425,-0.08578124595806,
,,,0.1265875,-0.159497441723943,-0.0692060831934214,,0.1265875,-0.0914062461815774,
,,,0.12675,-0.159497441723943,-0.0647839726880193,,0.12675,-0.0956249963492155,
,,,0.1269125,-0.159497441723943,-0.0692060831934214,,0.1269125,-0.0914062461815774,
,,,0.127075,-0.153718547429889,-0.0692060831934214,,0.127075,-0.0843749959021807,
,,,0.1272375,-0.159497441723943,-0.0692060831934214,,0.1272375,-0.0914062461815774,
,,,0.1274,-0.153718547429889,-0.0692060831934214,,0.1274,-0.0843749959021807,
,,,0.1275625,-0.159497441723943,-0.0692060831934214,,0.1275625,-0.0914062461815774,
,,,0.127725,-0.159497441723943,-0.0692060831934214,,0.127725,-0.0914062461815774,
,,,0.1278875,-0.153718547429889,-0.0692060831934214,,0.1278875,-0.0843749959021807,
,,,0.12805,-0.159497441723943,-0.0692060831934214,,0.12805,-0.0914062461815774,
,,,0.1282125,-0.159497441723943,-0.0692060831934214,,0.1282125,-0.0914062461815774,
,,,0.128375,-0.153718547429889,-0.0647839726880193,,0.128375,-0.0899999961256981,
,,,0.1285375,-0.159497441723943,-0.0692060831934214,,0.1285375,-0.0914062461815774,
,,,0.1287,-0.159497441723943,-0.0736281936988235,,0.1287,-0.08578124595806,
,,,0.1288625,-0.165276336017996,-0.0692060831934214,,0.1288625,-0.0970312464050949,
,,,0.129025,-0.159497441723943,-0.0692060831934214,,0.129025,-0.0914062461815774,
,,,0.1291875,-0.159497441723943,-0.0736281936988235,,0.1291875,-0.08578124595806,
,,,0.12935,-0.159497441723943,-0.0736281936988235,,0.12935,-0.08578124595806,
,,,0.1295125,-0.159497441723943,-0.0692060831934214,,0.1295125,-0.0914062461815774,
,,,0.129675,-0.159497441723943,-0.0736281936988235,,0.129675,-0.08578124595806,
,,,0.1298375,-0.159497441723943,-0.0692060831934214,,0.1298375,-0.0914062461815774,
,,,0.13,-0.159497441723943,-0.0692060831934214,,0.13,-0.0914062461815774,
,,,0.1301625,-0.159497441723943,-0.0692060831934214,,0.1301625,-0.0914062461815774,
,,,0.130325,-0.159497441723943,-0.0736281936988235,,0.130325,-0.08578124595806,
,,,0.1304875,-0.159497441723943,-0.0736281936988235,,0.1304875,-0.08578124595806,
,,,0.13065,-0.159497441723943,-0.0692060831934214,,0.13065,-0.0914062461815774,
,,,0.1308125,-0.159497441723943,-0.0736281936988235,,0.1308125,-0.08578124595806,
,,,0.130975,-0.159497441723943,-0.0736281936988235,,0.130975,-0.08578124595806,
,,,0.1311375,-0.159497441723943,-0.0736281936988235,,0.1311375,-0.08578124595806,
,,,0.1313,-0.153718547429889,-0.0692060831934214,,0.1313,-0.0843749959021807,
,,,0.1314625,-0.153718547429889,-0.0692060831934214,,0.1314625,-0.0843749959021807,
,,,0.131625,-0.153718547429889,-0.0692060831934214,,0.131625,-0.0843749959021807,
,,,0.1317875,-0.153718547429889,-0.0692060831934214,,0.1317875,-0.0843749959021807,
,,,0.13195,-0.153718547429889,-0.0736281936988235,,0.13195,-0.0801562457345426,
,,,0.1321125,-0.153718547429889,-0.0736281936988235,,0.1321125,-0.0801562457345426,
,,,0.132275,-0.159497441723943,-0.0692060831934214,,0.132275,-0.0914062461815774,
,,,0.1324375,-0.153718547429889,-0.0692060831934214,,0.1324375,-0.0843749959021807,
,,,0.1326,-0.153718547429889,-0.0736281936988235,,0.1326,-0.0801562457345426,
,,,0.1327625,-0.159497441723943,-0.0692060831934214,,0.1327625,-0.0914062461815774,
,,,0.132925,-0.159497441723943,-0.0692060831934214,,0.132925,-0.0914062461815774,
