Address:,USB0::0x0957::0x179B::MY54313425::0::INSTR,,Analog Channels,,,
Model:,DSO-X 2002A,,Time (s),1 (VOLT),2 (VOLT),
Serial Number:,MY54313425,,-0.031875,-0.00508542676107027,-0.00647236133227125,
Firmware Version:,02.65.2021030741,,-0.0315625,-0.00508542676107027,-0.00785929590347223,
Start Time:,2022-02-08 10:40:17.750,,-0.03125,-0.00508542676107027,-0.00785929590347223,
,,,-0.0309375,-0.00508542676107027,-0.00832160742720589,
Analog Sample Count:,960,,-0.030625,-0.00508542676107027,-0.00785929590347223,
Function Sample Count:,0,,-0.0303125,-0.00508542676107027,-0.00785929590347223,
Waveform Memory Sample Count:,0,,-0.03,-0.00462311523733661,-0.00832160742720589,
Digital Sample Count:,0,,-0.0296875,-0.00416080371360295,-0.00785929590347223,
,,,-0.029375,-0.00416080371360295,-0.00832160742720589,
Setup Text Information:,,,-0.0290625,-0.00416080371360295,-0.00785929590347223,
ANALOG,,,-0.02875,-0.00416080371360295,-0.0101708535221405,
Channel 1,,,-0.0284375,-0.00416080371360295,-0.00878391895093955,
Scale,184 mV/,,-0.028125,-0.00416080371360295,-0.00970854199840687,
Pos,0 V,,-0.0278125,-0.00416080371360295,-0.00878391895093955,
Coup,,,-0.0275,-0.00369849218986928,-0.00924623047467321,
BW,Off,,-0.0271875,-0.00369849218986928,-0.0110954765696079,
Inv,Off,,-0.026875,-0.00369849218986928,-0.0115577880933415,
Imp,1M Ohm,,-0.0265625,-0.00323618066613562,-0.0120200996170752,
Trace Label,1,,-0.02625,-0.00323618066613562,-0.0120200996170752,
Probe,1,,-0.0259375,-0.00369849218986928,-0.0101708535221405,
Skew,0 s,,-0.025625,-0.00323618066613562,-0.0106331650458742,
,,,-0.0253125,-0.00323618066613562,-0.0101708535221405,
Channel 2,,,-0.025,-0.00323618066613562,-0.00924623047467321,
Scale,184 mV/,,-0.0246875,-0.00323618066613562,-0.00832160742720589,
Pos,0 V,,-0.024375,-0.00277386914240196,-0.00878391895093955,
Coup,,,-0.0240625,-0.00277386914240196,-0.00785929590347223,
BW,Off,,-0.02375,-0.00277386914240196,-0.00785929590347223,
Inv,Off,,-0.0234375,-0.0023115576186683,-0.00693467285600491,
Imp,1M Ohm,,-0.023125,-0.0023115576186683,-0.00785929590347223,
Trace Label,2,,-0.0228125,-0.0023115576186683,-0.00601004980853759,
Probe,1,,-0.0225,-0.0023115576186683,-0.00647236133227125,
Skew,0 s,,-0.0221875,-0.00184924609493464,-0.00647236133227125,
,,,-0.021875,-0.00184924609493464,-0.00601004980853759,
MATH,,,-0.0215625,-0.00184924609493464,-0.00601004980853759,
REFERENCE WAVEFORM,,,-0.02125,-0.00138693457120098,-0.00554773828480393,
TRIGGER,,,-0.0209375,-0.00138693457120098,-0.00462311523733661,
Sweep Mode,AUTO,,-0.020625,-0.00138693457120098,-0.00462311523733661,
Coup,DC,,-0.0203125,-0.00138693457120098,-0.00462311523733661,
Noise Rej,Off,,-0.02,-0.000924623047467321,-0.00462311523733661,
HF Rej,Off,,-0.0196875,-0.000924623047467321,-0.00508542676107027,
Holdoff,40.0 ns,,-0.019375,-0.000462311523733661,-0.00508542676107027,
Mode,EDGE,,-0.0190625,-0.000462311523733661,-0.00508542676107027,
Source,CHAN1,,-0.01875,-0.000462311523733661,-0.00508542676107027,
Slope,EITH,,-0.0184375,-0.000462311523733661,-0.00416080371360295,
Level,6 mV V,,-0.018125,0,-0.00416080371360295,
,,,-0.0178125,0,-0.00369849218986928,
HORIZONTAL,,,-0.0175,0.000462311523733661,-0.00323618066613562,
Mode,MAIN,,-0.0171875,0.000462311523733661,-0.00138693457120098,
Ref,CENT,,-0.016875,0.000462311523733661,-0.00138693457120098,
Main Scale,30 ms/,,-0.0165625,0.000924623047467321,-0.00277386914240196,
Main Delay,118 ms,,-0.01625,0.000924623047467321,-0.0023115576186683,
,,,-0.0159375,0.000924623047467321,-0.00277386914240196,
ACQUISITION,,,-0.015625,0.00138693457120098,-0.0023115576186683,
Mode,HRES,,-0.0153125,0.00138693457120098,-0.0023115576186683,
RealTime,On,,-0.015,0.00184924609493464,-0.00277386914240196,
Vectors,On,,-0.0146875,0.00184924609493464,-0.00462311523733661,
Persistence,Off,,-0.014375,0.0023115576186683,-0.00508542676107027,
,,,-0.0140625,0.00277386914240196,-0.00647236133227125,
,,,-0.01375,0.00277386914240196,-0.00554773828480393,
,,,-0.0134375,0.00323618066613562,-0.00647236133227125,
,,,-0.013125,0.00369849218986928,-0.00508542676107027,
,,,-0.0128125,0.00369849218986928,-0.00601004980853759,
,,,-0.0125,0.00416080371360295,-0.00601004980853759,
,,,-0.0121875,0.00462311523733661,-0.00739698437973857,
,,,-0.011875,0.00462311523733661,-0.00647236133227125,
,,,-0.0115625,0.00508542676107027,-0.00785929590347223,
,,,-0.01125,0.00554773828480393,-0.00832160742720589,
,,,-0.0109375,0.00601004980853759,-0.00878391895093955,
,,,-0.010625,0.00647236133227125,-0.00832160742720589,
,,,-0.0103125,0.00647236133227125,-0.00832160742720589,
,,,-0.01,0.00647236133227125,-0.00832160742720589,
,,,-0.0096875,0.00693467285600491,-0.00739698437973857,
,,,-0.009375,0.00739698437973857,-0.00878391895093955,
,,,-0.0090625,0.00785929590347223,-0.00832160742720589,
,,,-0.00875,0.00785929590347223,-0.0101708535221405,
,,,-0.0084375,0.00832160742720589,-0.0101708535221405,
,,,-0.008125,0.00878391895093955,-0.00970854199840687,
,,,-0.0078125,0.00924623047467321,-0.00924623047467321,
,,,-0.0075,0.00970854199840687,-0.0101708535221405,
,,,-0.0071875,0.0101708535221405,-0.0120200996170752,
,,,-0.006875,0.0106331650458742,-0.0129447226645425,
,,,-0.0065625,0.0110954765696079,-0.0110954765696079,
,,,-0.00625,0.0115577880933415,-0.0115577880933415,
,,,-0.0059375,0.0120200996170752,-0.0106331650458742,
,,,-0.005625,0.0124824111408088,-0.0115577880933415,
,,,-0.0053125,0.0129447226645425,-0.0110954765696079,
,,,-0.005,0.0138693457120098,-0.0101708535221405,
,,,-0.0046875,0.0143316572357435,-0.0101708535221405,
,,,-0.004375,0.0147939687594771,-0.00878391895093955,
,,,-0.0040625,0.0152562802832108,-0.00878391895093955,
,,,-0.00375,0.0157185918069445,-0.00785929590347223,
,,,-0.0034375,0.0166432148544118,-0.00739698437973857,
,,,-0.003125,0.0175678379018791,-0.00785929590347223,
,,,-0.0028125,0.0180301494256128,-0.00739698437973857,
,,,-0.0025,0.0189547724730801,-0.00693467285600491,
,,,-0.0021875,0.0198793955205474,-0.00647236133227125,
,,,-0.001875,0.0203417070442811,-0.00739698437973857,
,,,-0.0015625,0.0212663300917484,-0.00554773828480393,
,,,-0.00125,0.0221909531392157,-0.00462311523733661,
,,,-0.000937500000000001,0.023115576186683,-0.00462311523733661,
,,,-0.000625000000000001,0.0240401992341504,-0.00416080371360295,
,,,-0.0003125,0.0249648222816177,-0.00369849218986928,
,,,0,0.025889445329085,-0.00416080371360295,
,,,0.0003125,0.0268140683765523,-0.00462311523733661,
,,,0.000625000000000001,0.0277386914240196,-0.00462311523733661,
,,,0.000937500000000001,0.028663314471487,-0.00416080371360295,
,,,0.00125,0.0295879375189543,-0.00416080371360295,
,,,0.0015625,0.0309748720901553,-0.00416080371360295,
,,,0.001875,0.0318994951376226,-0.00369849218986928,
,,,0.0021875,0.0332864297088236,-0.00416080371360295,
,,,0.0025,0.0346733642800245,-0.00323618066613562,
,,,0.0028125,0.0360602988512255,-0.00184924609493464,
,,,0.003125,0.0369849218986928,-0.00138693457120098,
,,,0.0034375,0.0383718564698938,-0.0023115576186683,
,,,0.00375,0.0397587910410948,-0.00138693457120098,
,,,0.0040625,0.0416080371360295,-0.00323618066613562,
,,,0.004375,0.0429949717072304,-0.00277386914240196,
,,,0.0046875,0.0443819062784314,-0.0023115576186683,
,,,0.005,0.0462311523733661,-0.00277386914240196,
,,,0.0053125,0.0480803984683007,-0.00416080371360295,
,,,0.005625,0.0499296445632353,-0.00508542676107027,
,,,0.0059375,0.0513165791344363,-0.00554773828480393,
,,,0.00625,0.053165825229371,-0.00647236133227125,
,,,0.0065625,0.0550150713243056,-0.00647236133227125,
,,,0.006875,0.0573266289429739,-0.00647236133227125,
,,,0.0071875,0.0596381865616422,-0.00647236133227125,
,,,0.0075,0.0619497441803105,-0.00693467285600491,
,,,0.0078125,0.0647236133227125,-0.00693467285600491,
,,,0.008125,0.0670351709413808,-0.00647236133227125,
,,,0.0084375,0.0693467285600491,-0.00785929590347223,
,,,0.00875,0.0721205977024511,-0.00878391895093955,
,,,0.0090625,0.0744321553211194,-0.00878391895093955,
,,,0.009375,0.077668335987255,-0.00785929590347223,
,,,0.0096875,0.0809045166533906,-0.00832160742720589,
,,,0.01,0.0836783857957926,-0.00924623047467321,
,,,0.0103125,0.0869145664619282,-0.00924623047467321,
,,,0.010625,0.0901507471280638,-0.00924623047467321,
,,,0.0109375,0.0933869277941994,-0.00878391895093955,
,,,0.01125,0.0970854199840687,-0.00970854199840687,
,,,0.0115625,0.100783912173938,-0.00924623047467321,
,,,0.011875,0.104020092840074,-0.00832160742720589,
,,,0.0121875,0.10864320807741,-0.0101708535221405,
,,,0.0125,0.11234170026728,-0.00970854199840687,
,,,0.0128125,0.116502503980882,-0.0120200996170752,
,,,0.013125,0.120663307694485,-0.0120200996170752,
,,,0.0134375,0.124824111408088,-0.0115577880933415,
,,,0.01375,0.128984915121691,-0.0110954765696079,
,,,0.0140625,0.134070341882762,-0.0106331650458742,
,,,0.014375,0.138693457120098,-0.0110954765696079,
,,,0.0146875,0.142854260833701,-0.00970854199840687,
,,,0.015,0.147939687594771,-0.0106331650458742,
,,,0.0153125,0.153487425879575,-0.00924623047467321,
,,,0.015625,0.158572852640646,-0.00785929590347223,
,,,0.0159375,0.163658279401716,-0.00924623047467321,
,,,0.01625,0.16920601768652,-0.00739698437973857,
,,,0.0165625,0.17429144444759,-0.00739698437973857,
,,,0.016875,0.17937687120866,-0.00693467285600491,
,,,0.0171875,0.184924609493464,-0.00693467285600491,
,,,0.0175,0.190472347778268,-0.00739698437973857,
,,,0.0178125,0.196482397586806,-0.00693467285600491,
,,,0.018125,0.20203013587161,-0.00647236133227125,
,,,0.0184375,0.207577874156414,-0.00554773828480393,
,,,0.01875,0.213125612441218,-0.00554773828480393,
,,,0.0190625,0.218211039202288,-0.00462311523733661,
,,,0.019375,0.223296465963358,-0.00462311523733661,
,,,0.0196875,0.228844204248162,-0.00462311523733661,
,,,0.02,0.233929631009232,-0.00416080371360295,
,,,0.0203125,0.239015057770303,-0.00416080371360295,
,,,0.020625,0.244100484531373,-0.00416080371360295,
,,,0.0209375,0.248261288244976,-0.00508542676107027,
,,,0.02125,0.252422091958579,-0.00462311523733661,
,,,0.0215625,0.256582895672182,-0.00369849218986928,
,,,0.021875,0.260281387862051,-0.00416080371360295,
,,,0.0221875,0.26397988005192,-0.00277386914240196,
,,,0.0225,0.267678372241789,-0.00369849218986928,
,,,0.0228125,0.270914552907925,-0.00184924609493464,
,,,0.023125,0.274150733574061,-0.00138693457120098,
,,,0.0234375,0.276924602716463,-0.000924623047467321,
,,,0.02375,0.279236160335131,-0.000924623047467321,
,,,0.0240625,0.281085406430066,-0.00277386914240196,
,,,0.024375,0.282472341001267,-0.0023115576186683,
,,,0.0246875,0.284321587096201,-0.00184924609493464,
,,,0.025,0.286170833191136,-0.00323618066613562,
,,,0.0253125,0.287095456238603,-0.00369849218986928,
,,,0.025625,0.288020079286071,-0.00554773828480393,
,,,0.0259375,0.288482390809804,-0.00647236133227125,
,,,0.02625,0.288944702333538,-0.00601004980853759,
,,,0.0265625,0.288944702333538,-0.00554773828480393,
,,,0.026875,0.288944702333538,-0.00601004980853759,
,,,0.0271875,0.288482390809804,-0.00601004980853759,
,,,0.0275,0.287557767762337,-0.00647236133227125,
,,,0.0278125,0.286170833191136,-0.00785929590347223,
,,,0.028125,0.284783898619935,-0.00693467285600491,
,,,0.0284375,0.282934652525,-0.00785929590347223,
,,,0.02875,0.280623094906332,-0.00832160742720589,
,,,0.0290625,0.278773848811397,-0.00832160742720589,
,,,0.029375,0.275537668145262,-0.00832160742720589,
,,,0.0296875,0.27276379900286,-0.00832160742720589,
,,,0.03,0.26906530681299,-0.00832160742720589,
,,,0.0303125,0.265366814623121,-0.00785929590347223,
,,,0.030625,0.261206010909518,-0.00832160742720589,
,,,0.0309375,0.256582895672182,-0.00832160742720589,
,,,0.03125,0.251959780434845,-0.00878391895093955,
,,,0.0315625,0.246874353673775,-0.00924623047467321,
,,,0.031875,0.241788926912704,-0.00970854199840687,
,,,0.0321875,0.236703500151634,-0.00970854199840687,
,,,0.0325,0.230231138819363,-0.00924623047467321,
,,,0.0328125,0.223758777487092,-0.0110954765696079,
,,,0.033125,0.218211039202288,-0.0120200996170752,
,,,0.0334375,0.21220098939375,-0.0124824111408088,
,,,0.03375,0.205728628061479,-0.0106331650458742,
,,,0.0340625,0.198793955205474,-0.00924623047467321,
,,,0.034375,0.192321593873203,-0.0101708535221405,
,,,0.0346875,0.185386921017198,-0.0101708535221405,
,,,0.035,0.178914559684927,-0.00970854199840687,
,,,0.0353125,0.172442198352655,-0.00878391895093955,
,,,0.035625,0.165969837020384,-0.00924623047467321,
,,,0.0359375,0.159035164164379,-0.00785929590347223,
,,,0.03625,0.153025114355842,-0.00832160742720589,
,,,0.0365625,0.145628129976103,-0.00693467285600491,
,,,0.036875,0.140080391691299,-0.00693467285600491,
,,,0.0371875,0.133608030359028,-0.00601004980853759,
,,,0.0375,0.127135669026757,-0.00693467285600491,
,,,0.0378125,0.120663307694485,-0.00739698437973857,
,,,0.038125,0.115577880933415,-0.00693467285600491,
,,,0.0384375,0.109567831124878,-0.00554773828480393,
,,,0.03875,0.103095469792606,-0.00508542676107027,
,,,0.0390625,0.0966231084603351,-0.00508542676107027,
,,,0.039375,0.0910753701755311,-0.00462311523733661,
,,,0.0396875,0.0855276318907272,-0.00369849218986928,
,,,0.04,0.0804422051296569,-0.00462311523733661,
,,,0.0403125,0.0753567783685867,-0.00508542676107027,
,,,0.040625,0.0702713516075164,-0.00416080371360295,
,,,0.0409375,0.0651859248464461,-0.00462311523733661,
,,,0.04125,0.0605628096091095,-0.00508542676107027,
,,,0.0415625,0.0545527598005719,-0.00416080371360295,
,,,0.041875,0.0494673330395017,-0.00369849218986928,
,,,0.0421875,0.0443819062784314,-0.00369849218986928,
,,,0.0425,0.0392964795173611,-0.00277386914240196,
,,,0.0428125,0.0337487412325572,-0.00138693457120098,
,,,0.043125,0.028663314471487,-0.00138693457120098,
,,,0.0434375,0.023115576186683,-0.00184924609493464,
,,,0.04375,0.0180301494256128,-0.00277386914240196,
,,,0.0440625,0.0124824111408088,-0.00277386914240196,
,,,0.044375,0.00693467285600491,-0.0023115576186683,
,,,0.0446875,0.00138693457120098,-0.00277386914240196,
,,,0.045,-0.00416080371360295,-0.00323618066613562,
,,,0.0453125,-0.00924623047467321,-0.00508542676107027,
,,,0.045625,-0.0147939687594771,-0.00601004980853759,
,,,0.0459375,-0.0198793955205474,-0.00693467285600491,
,,,0.04625,-0.025889445329085,-0.00508542676107027,
,,,0.0465625,-0.0318994951376226,-0.00601004980853759,
,,,0.046875,-0.0379095449461602,-0.00601004980853759,
,,,0.0471875,-0.0439195947546978,-0.00601004980853759,
,,,0.0475,-0.050391956086969,-0.00601004980853759,
,,,0.0478125,-0.0564020058955066,-0.00693467285600491,
,,,0.048125,-0.0624120557040442,-0.00739698437973857,
,,,0.0484375,-0.0688844170363154,-0.00878391895093955,
,,,0.04875,-0.076281401416054,-0.00785929590347223,
,,,0.0490625,-0.0827537627483252,-0.00832160742720589,
,,,0.049375,-0.0901507471280638,-0.00832160742720589,
,,,0.0496875,-0.0970854199840687,-0.00832160742720589,
,,,0.05,-0.104482404363807,-0.00878391895093955,
,,,0.0503125,-0.111879388743546,-0.00878391895093955,
,,,0.050625,-0.119738684647018,-0.00878391895093955,
,,,0.0509375,-0.12759798055049,-0.00878391895093955,
,,,0.05125,-0.135457276453963,-0.00924623047467321,
,,,0.0515625,-0.143778883881168,-0.00924623047467321,
,,,0.051875,-0.153025114355842,-0.00878391895093955,
,,,0.0521875,-0.161809033306781,-0.00970854199840687,
,,,0.0525,-0.170130640733987,-0.00924623047467321,
,,,0.0528125,-0.179839182732394,-0.0124824111408088,
,,,0.053125,-0.189547724730801,-0.0115577880933415,
,,,0.0534375,-0.199718578252941,-0.0120200996170752,
,,,0.05375,-0.209427120251348,-0.0120200996170752,
,,,0.0540625,-0.219597973773489,-0.0120200996170752,
,,,0.054375,-0.229768827295629,-0.0106331650458742,
,,,0.0546875,-0.23993968081777,-0.0106331650458742,
,,,0.055,-0.25011053433991,-0.0101708535221405,
,,,0.0553125,-0.260743699385785,-0.00970854199840687,
,,,0.055625,-0.270914552907925,-0.0101708535221405,
,,,0.0559375,-0.281085406430066,-0.00739698437973857,
,,,0.05625,-0.290331636904739,-0.00739698437973857,
,,,0.0565625,-0.300964801950613,-0.00693467285600491,
,,,0.056875,-0.309748720901553,-0.00647236133227125,
,,,0.0571875,-0.319457262899959,-0.00693467285600491,
,,,0.0575,-0.328241181850899,-0.00693467285600491,
,,,0.0578125,-0.337025100801839,-0.00693467285600491,
,,,0.058125,-0.344884396705311,-0.00601004980853759,
,,,0.0584375,-0.351819069561316,-0.00601004980853759,
,,,0.05875,-0.359216053941054,-0.00554773828480393,
,,,0.0590625,-0.365688415273326,-0.00462311523733661,
,,,0.059375,-0.371236153558129,-0.00508542676107027,
,,,0.0596875,-0.376783891842933,-0.00462311523733661,
,,,0.06,-0.38140700708027,-0.00554773828480393,
,,,0.0603125,-0.385567810793873,-0.00416080371360295,
,,,0.060625,-0.389266302983742,-0.00554773828480393,
,,,0.0609375,-0.392040172126144,-0.00416080371360295,
,,,0.06125,-0.394351729744812,-0.00416080371360295,
,,,0.0615625,-0.396200975839747,-0.00416080371360295,
,,,0.061875,-0.397587910410948,-0.00369849218986928,
,,,0.0621875,-0.398050221934682,-0.00462311523733661,
,,,0.0625,-0.398050221934682,-0.00462311523733661,
,,,0.0628125,-0.397125598887214,-0.0023115576186683,
,,,0.063125,-0.396200975839747,-0.00184924609493464,
,,,0.0634375,-0.393889418221079,-0.0023115576186683,
,,,0.06375,-0.391577860602411,-0.00277386914240196,
,,,0.0640625,-0.388803991460009,-0.00184924609493464,
,,,0.064375,-0.384643187746406,-0.00184924609493464,
,,,0.0646875,-0.379557760985335,-0.00277386914240196,
,,,0.065,-0.374472334224265,-0.00369849218986928,
,,,0.0653125,-0.368924595939461,-0.00508542676107027,
,,,0.065625,-0.361989923083456,-0.00462311523733661,
,,,0.0659375,-0.354592938703718,-0.00647236133227125,
,,,0.06625,-0.347195954323979,-0.00601004980853759,
,,,0.0665625,-0.338874346896773,-0.00693467285600491,
,,,0.066875,-0.330090427945834,-0.00693467285600491,
,,,0.0671875,-0.32084419747116,-0.00647236133227125,
,,,0.0675,-0.311135655472754,-0.00647236133227125,
,,,0.0678125,-0.30188942499808,-0.00693467285600491,
,,,0.068125,-0.290793948428473,-0.00739698437973857,
,,,0.0684375,-0.281547717953799,-0.00832160742720589,
,,,0.06875,-0.271376864431659,-0.00832160742720589,
,,,0.0690625,-0.261206010909518,-0.00832160742720589,
,,,0.069375,-0.251497468911111,-0.00832160742720589,
,,,0.0696875,-0.241788926912704,-0.00878391895093955,
,,,0.07,-0.232080384914298,-0.00832160742720589,
,,,0.0703125,-0.222371842915891,-0.00878391895093955,
,,,0.070625,-0.213125612441218,-0.00878391895093955,
,,,0.0709375,-0.204341693490278,-0.00878391895093955,
,,,0.07125,-0.195557774539338,-0.00832160742720589,
,,,0.0715625,-0.187236167112133,-0.00878391895093955,
,,,0.071875,-0.178914559684927,-0.00924623047467321,
,,,0.0721875,-0.170592952257721,-0.0101708535221405,
,,,0.0725,-0.163195967877982,-0.00924623047467321,
,,,0.0728125,-0.156261295021977,-0.0120200996170752,
,,,0.073125,-0.149788933689706,-0.0129447226645425,
,,,0.0734375,-0.143316572357435,-0.0124824111408088,
,,,0.07375,-0.137306522548897,-0.0115577880933415,
,,,0.0740625,-0.13129647274036,-0.0115577880933415,
,,,0.074375,-0.126211045979289,-0.0110954765696079,
,,,0.0746875,-0.120663307694485,-0.0101708535221405,
,,,0.075,-0.115577880933415,-0.00970854199840687,
,,,0.0753125,-0.110954765696079,-0.00878391895093955,
,,,0.075625,-0.106331650458742,-0.00878391895093955,
,,,0.0759375,-0.102170846745139,-0.00785929590347223,
,,,0.07625,-0.098010043031536,-0.00739698437973857,
,,,0.0765625,-0.0943115508416668,-0.00832160742720589,
,,,0.076875,-0.0906130586517975,-0.00739698437973857,
,,,0.0771875,-0.0873768779856618,-0.00601004980853759,
,,,0.0775,-0.0836783857957926,-0.00601004980853759,
,,,0.0778125,-0.0809045166533906,-0.00647236133227125,
,,,0.078125,-0.077668335987255,-0.00693467285600491,
,,,0.0784375,-0.0744321553211194,-0.00508542676107027,
,,,0.07875,-0.0716582861787174,-0.00554773828480393,
,,,0.0790625,-0.0688844170363154,-0.00416080371360295,
,,,0.079375,-0.0665728594176471,-0.00416080371360295,
,,,0.0796875,-0.0642613017989788,-0.00462311523733661,
,,,0.08,-0.0619497441803105,-0.00416080371360295,
,,,0.0803125,-0.0591758750379086,-0.00462311523733661,
,,,0.080625,-0.0577889404667076,-0.00508542676107027,
,,,0.0809375,-0.0554773828480393,-0.00462311523733661,
,,,0.08125,-0.0536281367531046,-0.00323618066613562,
,,,0.0815625,-0.05177889065817,-0.00416080371360295,
,,,0.081875,-0.050391956086969,-0.00416080371360295,
,,,0.0821875,-0.0485427099920344,-0.00416080371360295,
,,,0.0825,-0.0471557754208334,-0.00323618066613562,
,,,0.0828125,-0.0457688408496324,-0.0023115576186683,
,,,0.083125,-0.0443819062784314,-0.00138693457120098,
,,,0.0834375,-0.0434572832309641,-0.00184924609493464,
,,,0.08375,-0.0420703486597631,-0.0023115576186683,
,,,0.0840625,-0.0406834140885621,-0.00184924609493464,
,,,0.084375,-0.0392964795173611,-0.00277386914240196,
,,,0.0846875,-0.0383718564698938,-0.0023115576186683,
,,,0.085,-0.0374472334224265,-0.00277386914240196,
,,,0.0853125,-0.0365226103749592,-0.00369849218986928,
,,,0.085625,-0.0355979873274919,-0.00554773828480393,
,,,0.0859375,-0.0342110527562909,-0.00647236133227125,
,,,0.08625,-0.0332864297088236,-0.00601004980853759,
,,,0.0865625,-0.0323618066613562,-0.00508542676107027,
,,,0.086875,-0.0318994951376226,-0.00554773828480393,
,,,0.0871875,-0.0309748720901553,-0.00601004980853759,
,,,0.0875,-0.0300502490426879,-0.00554773828480393,
,,,0.0878125,-0.0291256259952206,-0.00693467285600491,
,,,0.088125,-0.028663314471487,-0.00785929590347223,
,,,0.0884375,-0.0277386914240196,-0.00785929590347223,
,,,0.08875,-0.027276379900286,-0.00785929590347223,
,,,0.0890625,-0.0263517568528187,-0.00832160742720589,
,,,0.089375,-0.025889445329085,-0.00878391895093955,
,,,0.0896875,-0.0254271338053513,-0.00832160742720589,
,,,0.09,-0.0249648222816177,-0.00785929590347223,
,,,0.0903125,-0.024502510757884,-0.00924623047467321,
,,,0.090625,-0.0235778877104167,-0.00832160742720589,
,,,0.0909375,-0.023115576186683,-0.00878391895093955,
,,,0.09125,-0.0226532646629494,-0.00924623047467321,
,,,0.0915625,-0.0226532646629494,-0.00832160742720589,
,,,0.091875,-0.0221909531392157,-0.00924623047467321,
,,,0.0921875,-0.0212663300917484,-0.00970854199840687,
,,,0.0925,-0.0212663300917484,-0.00924623047467321,
,,,0.0928125,-0.0208040185680147,-0.0124824111408088,
,,,0.093125,-0.0203417070442811,-0.0110954765696079,
,,,0.0934375,-0.0203417070442811,-0.0115577880933415,
,,,0.09375,-0.0198793955205474,-0.0124824111408088,
,,,0.0940625,-0.0194170839968137,-0.0106331650458742,
,,,0.094375,-0.0189547724730801,-0.0106331650458742,
,,,0.0946875,-0.0189547724730801,-0.0110954765696079,
,,,0.095,-0.0184924609493464,-0.0101708535221405,
,,,0.0953125,-0.0180301494256128,-0.0101708535221405,
,,,0.095625,-0.0180301494256128,-0.00878391895093955,
,,,0.0959375,-0.0175678379018791,-0.00785929590347223,
,,,0.09625,-0.0175678379018791,-0.00601004980853759,
,,,0.0965625,-0.0171055263781454,-0.00785929590347223,
,,,0.096875,-0.0166432148544118,-0.00693467285600491,
,,,0.0971875,-0.0161809033306781,-0.00739698437973857,
,,,0.0975,-0.0161809033306781,-0.00647236133227125,
,,,0.0978125,-0.0157185918069445,-0.00693467285600491,
,,,0.098125,-0.0157185918069445,-0.00554773828480393,
,,,0.0984375,-0.0157185918069445,-0.00508542676107027,
,,,0.09875,-0.0152562802832108,-0.00462311523733661,
,,,0.0990625,-0.0152562802832108,-0.00462311523733661,
,,,0.099375,-0.0152562802832108,-0.00416080371360295,
,,,0.0996875,-0.0147939687594771,-0.00554773828480393,
,,,0.1,-0.0147939687594771,-0.00369849218986928,
,,,0.1003125,-0.0143316572357435,-0.00508542676107027,
,,,0.100625,-0.0143316572357435,-0.00462311523733661,
,,,0.1009375,-0.0143316572357435,-0.00462311523733661,
,,,0.10125,-0.0143316572357435,-0.00508542676107027,
,,,0.1015625,-0.0143316572357435,-0.00416080371360295,
,,,0.101875,-0.0143316572357435,-0.00369849218986928,
,,,0.1021875,-0.0134070341882762,-0.00369849218986928,
,,,0.1025,-0.0134070341882762,-0.00462311523733661,
,,,0.1028125,-0.0134070341882762,-0.00277386914240196,
,,,0.103125,-0.0134070341882762,-0.00277386914240196,
,,,0.1034375,-0.0134070341882762,-0.00138693457120098,
,,,0.10375,-0.0134070341882762,-0.00184924609493464,
,,,0.1040625,-0.0134070341882762,-0.00277386914240196,
,,,0.104375,-0.0129447226645425,-0.0023115576186683,
,,,0.1046875,-0.0129447226645425,-0.0023115576186683,
,,,0.105,-0.0129447226645425,-0.00369849218986928,
,,,0.1053125,-0.0124824111408088,-0.00462311523733661,
,,,0.105625,-0.0124824111408088,-0.00554773828480393,
,,,0.1059375,-0.0124824111408088,-0.00601004980853759,
,,,0.10625,-0.0124824111408088,-0.00647236133227125,
,,,0.1065625,-0.0124824111408088,-0.00554773828480393,
,,,0.106875,-0.0120200996170752,-0.00554773828480393,
,,,0.1071875,-0.0120200996170752,-0.00647236133227125,
,,,0.1075,-0.0115577880933415,-0.00554773828480393,
,,,0.1078125,-0.0115577880933415,-0.00693467285600491,
,,,0.108125,-0.0115577880933415,-0.00739698437973857,
,,,0.1084375,-0.0115577880933415,-0.00785929590347223,
,,,0.10875,-0.0115577880933415,-0.00785929590347223,
,,,0.1090625,-0.0115577880933415,-0.00832160742720589,
,,,0.109375,-0.0115577880933415,-0.00785929590347223,
,,,0.1096875,-0.0115577880933415,-0.00785929590347223,
,,,0.11,-0.0115577880933415,-0.00878391895093955,
,,,0.1103125,-0.0115577880933415,-0.00832160742720589,
,,,0.110625,-0.0110954765696079,-0.00970854199840687,
,,,0.1109375,-0.0110954765696079,-0.00878391895093955,
,,,0.11125,-0.0110954765696079,-0.00878391895093955,
,,,0.1115625,-0.0110954765696079,-0.00878391895093955,
,,,0.111875,-0.0106331650458742,-0.00970854199840687,
,,,0.1121875,-0.0110954765696079,-0.00832160742720589,
,,,0.1125,-0.0110954765696079,-0.00924623047467321,
,,,0.1128125,-0.0106331650458742,-0.0110954765696079,
,,,0.113125,-0.0106331650458742,-0.0120200996170752,
,,,0.1134375,-0.0106331650458742,-0.0120200996170752,
,,,0.11375,-0.0106331650458742,-0.0101708535221405,
,,,0.1140625,-0.0106331650458742,-0.00970854199840687,
,,,0.114375,-0.0101708535221405,-0.0101708535221405,
,,,0.1146875,-0.0106331650458742,-0.00924623047467321,
,,,0.115,-0.0101708535221405,-0.00970854199840687,
,,,0.1153125,-0.0106331650458742,-0.00970854199840687,
,,,0.115625,-0.0106331650458742,-0.00739698437973857,
,,,0.1159375,-0.0106331650458742,-0.00693467285600491,
,,,0.11625,-0.0101708535221405,-0.00739698437973857,
,,,0.1165625,-0.0106331650458742,-0.00647236133227125,
,,,0.116875,-0.0101708535221405,-0.00693467285600491,
,,,0.1171875,-0.0101708535221405,-0.00693467285600491,
,,,0.1175,-0.0101708535221405,-0.00647236133227125,
,,,0.1178125,-0.0101708535221405,-0.00601004980853759,
,,,0.118125,-0.0101708535221405,-0.00508542676107027,
,,,0.1184375,-0.0101708535221405,-0.00462311523733661,
,,,0.11875,-0.00970854199840687,-0.00508542676107027,
,,,0.1190625,-0.00970854199840687,-0.00416080371360295,
,,,0.119375,-0.00970854199840687,-0.00462311523733661,
,,,0.1196875,-0.00970854199840687,-0.00462311523733661,
,,,0.12,-0.0101708535221405,-0.00369849218986928,
,,,0.1203125,-0.0101708535221405,-0.00416080371360295,
,,,0.120625,-0.00970854199840687,-0.00462311523733661,
,,,0.1209375,-0.00970854199840687,-0.00369849218986928,
,,,0.12125,-0.00970854199840687,-0.00369849218986928,
,,,0.1215625,-0.0101708535221405,-0.00369849218986928,
,,,0.121875,-0.00970854199840687,-0.00369849218986928,
,,,0.1221875,-0.00970854199840687,-0.00369849218986928,
,,,0.1225,-0.00970854199840687,-0.00369849218986928,
,,,0.1228125,-0.0101708535221405,-0.00138693457120098,
,,,0.123125,-0.00970854199840687,-0.00184924609493464,
,,,0.1234375,-0.00970854199840687,-0.000924623047467321,
,,,0.12375,-0.00970854199840687,-0.00138693457120098,
,,,0.1240625,-0.00970854199840687,-0.00184924609493464,
,,,0.124375,-0.00924623047467321,-0.0023115576186683,
,,,0.1246875,-0.00970854199840687,-0.00184924609493464,
,,,0.125,-0.00970854199840687,-0.00277386914240196,
,,,0.1253125,-0.00970854199840687,-0.00277386914240196,
,,,0.125625,-0.00970854199840687,-0.00462311523733661,
,,,0.1259375,-0.00970854199840687,-0.00462311523733661,
,,,0.12625,-0.00970854199840687,-0.00554773828480393,
,,,0.1265625,-0.00970854199840687,-0.00462311523733661,
,,,0.126875,-0.00970854199840687,-0.00508542676107027,
,,,0.1271875,-0.00924623047467321,-0.00601004980853759,
,,,0.1275,-0.00924623047467321,-0.00601004980853759,
,,,0.1278125,-0.00924623047467321,-0.00508542676107027,
,,,0.128125,-0.00924623047467321,-0.00693467285600491,
,,,0.1284375,-0.00924623047467321,-0.00693467285600491,
,,,0.12875,-0.00924623047467321,-0.00693467285600491,
,,,0.1290625,-0.00924623047467321,-0.00739698437973857,
,,,0.129375,-0.00878391895093955,-0.00739698437973857,
,,,0.1296875,-0.00924623047467321,-0.00739698437973857,
,,,0.13,-0.00970854199840687,-0.00693467285600491,
,,,0.1303125,-0.00970854199840687,-0.00785929590347223,
,,,0.130625,-0.00970854199840687,-0.00785929590347223,
,,,0.1309375,-0.00924623047467321,-0.00785929590347223,
,,,0.13125,-0.00924623047467321,-0.00832160742720589,
,,,0.1315625,-0.00924623047467321,-0.00739698437973857,
,,,0.131875,-0.00924623047467321,-0.00739698437973857,
,,,0.1321875,-0.00924623047467321,-0.00785929590347223,
,,,0.1325,-0.00970854199840687,-0.00785929590347223,
,,,0.1328125,-0.00924623047467321,-0.0101708535221405,
,,,0.133125,-0.00970854199840687,-0.0101708535221405,
,,,0.1334375,-0.00924623047467321,-0.0120200996170752,
,,,0.13375,-0.00924623047467321,-0.00970854199840687,
,,,0.1340625,-0.00924623047467321,-0.0101708535221405,
,,,0.134375,-0.00924623047467321,-0.00924623047467321,
,,,0.1346875,-0.00924623047467321,-0.0101708535221405,
,,,0.135,-0.00924623047467321,-0.00924623047467321,
,,,0.1353125,-0.00924623047467321,-0.00785929590347223,
,,,0.135625,-0.00924623047467321,-0.00739698437973857,
,,,0.1359375,-0.00924623047467321,-0.00554773828480393,
,,,0.13625,-0.00924623047467321,-0.00554773828480393,
,,,0.1365625,-0.00924623047467321,-0.00554773828480393,
,,,0.136875,-0.00924623047467321,-0.00554773828480393,
,,,0.1371875,-0.00924623047467321,-0.00508542676107027,
,,,0.1375,-0.00878391895093955,-0.00508542676107027,
,,,0.1378125,-0.00878391895093955,-0.00554773828480393,
,,,0.138125,-0.00878391895093955,-0.00416080371360295,
,,,0.1384375,-0.00878391895093955,-0.00369849218986928,
,,,0.13875,-0.00924623047467321,-0.00369849218986928,
,,,0.1390625,-0.00878391895093955,-0.00323618066613562,
,,,0.139375,-0.00924623047467321,-0.00184924609493464,
,,,0.1396875,-0.00924623047467321,-0.00277386914240196,
,,,0.14,-0.00924623047467321,-0.00277386914240196,
,,,0.1403125,-0.00924623047467321,-0.00277386914240196,
,,,0.140625,-0.00878391895093955,-0.00277386914240196,
,,,0.1409375,-0.00878391895093955,-0.00277386914240196,
,,,0.14125,-0.00878391895093955,-0.00184924609493464,
,,,0.1415625,-0.00878391895093955,-0.00138693457120098,
,,,0.141875,-0.00878391895093955,-0.000924623047467321,
,,,0.1421875,-0.00878391895093955,-0.000924623047467321,
,,,0.1425,-0.00878391895093955,-0.00184924609493464,
,,,0.1428125,-0.00878391895093955,0.000924623047467321,
,,,0.143125,-0.00878391895093955,0.00184924609493464,
,,,0.1434375,-0.00878391895093955,0,
,,,0.14375,-0.00878391895093955,0,
,,,0.1440625,-0.00878391895093955,0.000462311523733661,
,,,0.144375,-0.00878391895093955,0,
,,,0.1446875,-0.00878391895093955,-0.000462311523733661,
,,,0.145,-0.00878391895093955,-0.00138693457120098,
,,,0.1453125,-0.00878391895093955,-0.00184924609493464,
,,,0.145625,-0.00924623047467321,-0.00184924609493464,
,,,0.1459375,-0.00878391895093955,-0.0023115576186683,
,,,0.14625,-0.00878391895093955,-0.00277386914240196,
,,,0.1465625,-0.00878391895093955,-0.0023115576186683,
,,,0.146875,-0.00878391895093955,-0.00323618066613562,
,,,0.1471875,-0.00878391895093955,-0.00369849218986928,
,,,0.1475,-0.00878391895093955,-0.00323618066613562,
,,,0.1478125,-0.00832160742720589,-0.00323618066613562,
,,,0.148125,-0.00832160742720589,-0.00462311523733661,
,,,0.1484375,-0.00832160742720589,-0.00462311523733661,
,,,0.14875,-0.00832160742720589,-0.00462311523733661,
,,,0.1490625,-0.00832160742720589,-0.00416080371360295,
,,,0.149375,-0.00832160742720589,-0.00462311523733661,
,,,0.1496875,-0.00878391895093955,-0.00462311523733661,
,,,0.15,-0.00878391895093955,-0.00369849218986928,
,,,0.1503125,-0.00878391895093955,-0.00369849218986928,
,,,0.150625,-0.00878391895093955,-0.00369849218986928,
,,,0.1509375,-0.00878391895093955,-0.00369849218986928,
,,,0.15125,-0.00878391895093955,-0.00323618066613562,
,,,0.1515625,-0.00878391895093955,-0.00416080371360295,
,,,0.151875,-0.00878391895093955,-0.00323618066613562,
,,,0.1521875,-0.00924623047467321,-0.00369849218986928,
,,,0.1525,-0.00878391895093955,-0.00277386914240196,
,,,0.1528125,-0.00878391895093955,-0.00554773828480393,
,,,0.153125,-0.00878391895093955,-0.00601004980853759,
,,,0.1534375,-0.00878391895093955,-0.00554773828480393,
,,,0.15375,-0.00878391895093955,-0.00369849218986928,
,,,0.1540625,-0.00924623047467321,-0.00462311523733661,
,,,0.154375,-0.00878391895093955,-0.00369849218986928,
,,,0.1546875,-0.00878391895093955,-0.0023115576186683,
,,,0.155,-0.00878391895093955,-0.00184924609493464,
,,,0.1553125,-0.00878391895093955,-0.000924623047467321,
,,,0.155625,-0.00878391895093955,0.000462311523733661,
,,,0.1559375,-0.00924623047467321,0.000924623047467321,
,,,0.15625,-0.00878391895093955,0.00184924609493464,
,,,0.1565625,-0.00924623047467321,0.00323618066613562,
,,,0.156875,-0.00878391895093955,0.00323618066613562,
,,,0.1571875,-0.00878391895093955,0.00277386914240196,
,,,0.1575,-0.00878391895093955,0.00277386914240196,
,,,0.1578125,-0.00878391895093955,0.00369849218986928,
,,,0.158125,-0.00878391895093955,0.00508542676107027,
,,,0.1584375,-0.00832160742720589,0.00554773828480393,
,,,0.15875,-0.00832160742720589,0.00693467285600491,
,,,0.1590625,-0.00878391895093955,0.00785929590347223,
,,,0.159375,-0.00832160742720589,0.00832160742720589,
,,,0.1596875,-0.00878391895093955,0.00924623047467321,
,,,0.16,-0.00878391895093955,0.0101708535221405,
,,,0.1603125,-0.00878391895093955,0.0101708535221405,
,,,0.160625,-0.00878391895093955,0.0115577880933415,
,,,0.1609375,-0.00878391895093955,0.0110954765696079,
,,,0.16125,-0.00878391895093955,0.0124824111408088,
,,,0.1615625,-0.00832160742720589,0.0129447226645425,
,,,0.161875,-0.00878391895093955,0.0147939687594771,
,,,0.1621875,-0.00878391895093955,0.0152562802832108,
,,,0.1625,-0.00878391895093955,0.0161809033306781,
,,,0.1628125,-0.00878391895093955,0.0184924609493464,
,,,0.163125,-0.00878391895093955,0.0208040185680147,
,,,0.1634375,-0.00832160742720589,0.0221909531392157,
,,,0.16375,-0.00878391895093955,0.0226532646629494,
,,,0.1640625,-0.00878391895093955,0.023115576186683,
,,,0.164375,-0.00878391895093955,0.025889445329085,
,,,0.1646875,-0.00878391895093955,0.0263517568528187,
,,,0.165,-0.00878391895093955,0.0263517568528187,
,,,0.1653125,-0.00878391895093955,0.0282010029477533,
,,,0.165625,-0.00924623047467321,0.0282010029477533,
,,,0.1659375,-0.00878391895093955,0.0300502490426879,
,,,0.16625,-0.00924623047467321,0.0309748720901553,
,,,0.1665625,-0.00878391895093955,0.0346733642800245,
,,,0.166875,-0.00878391895093955,0.0374472334224265,
,,,0.1671875,-0.00878391895093955,0.0379095449461602,
,,,0.1675,-0.00832160742720589,0.0406834140885621,
,,,0.1678125,-0.00832160742720589,0.0429949717072304,
,,,0.168125,-0.00878391895093955,0.0448442178021651,
,,,0.1684375,-0.00878391895093955,0.0480803984683007,
,,,0.16875,-0.00832160742720589,0.0508542676107027,
,,,0.1690625,-0.00832160742720589,0.0545527598005719,
,,,0.169375,-0.00832160742720589,0.0591758750379086,
,,,0.1696875,-0.00878391895093955,0.0628743672277778,
,,,0.17,-0.00878391895093955,0.0684221055125818,
,,,0.1703125,-0.00878391895093955,0.0730452207499184,
,,,0.170625,-0.00878391895093955,0.0799798936059233,
,,,0.1709375,-0.00878391895093955,0.0855276318907272,
,,,0.17125,-0.00878391895093955,0.0910753701755311,
,,,0.1715625,-0.00878391895093955,0.0984723545552697,
,,,0.171875,-0.00878391895093955,0.105407027411275,
,,,0.1721875,-0.00878391895093955,0.114653257885948,
,,,0.1725,-0.00878391895093955,0.122974865313154,
,,,0.1728125,-0.00878391895093955,0.13129647274036,
,,,0.173125,-0.00878391895093955,0.142854260833701,
,,,0.1734375,-0.00878391895093955,0.154412048927043,
,,,0.17375,-0.00878391895093955,0.167356771591585,
,,,0.1740625,-0.00878391895093955,0.18307536339853,
,,,0.174375,-0.00878391895093955,0.197407020634273,
,,,0.1746875,-0.00878391895093955,0.214050235488685,
,,,0.175,-0.00832160742720589,0.233467319485499,
,,,0.1753125,-0.00878391895093955,0.25380902652978,
,,,0.175625,-0.00878391895093955,0.275999979668995,
,,,0.1759375,-0.00878391895093955,0.298653244331945,
,,,0.17625,-0.00878391895093955,0.323155755089829,
,,,0.1765625,-0.00878391895093955,0.349045200418914,
,,,0.176875,-0.00832160742720589,0.3763215803192,
,,,0.1771875,-0.00832160742720589,0.404060271743219,
,,,0.1775,-0.00832160742720589,0.432723586214706,
,,,0.1778125,-0.00832160742720589,0.461849212209927,
,,,0.178125,-0.00832160742720589,0.490974838205148,
,,,0.1784375,-0.00832160742720589,0.520100464200368,
,,,0.17875,-0.00832160742720589,0.546452221053187,
,,,0.1790625,-0.00832160742720589,0.570492420287337,
,,,0.179375,-0.00832160742720589,0.591758750379086,
,,,0.1796875,-0.00878391895093955,0.610713522852166,
,,,0.18,-0.00878391895093955,0.625507491611643,
,,,0.1803125,-0.00878391895093955,0.638452214276185,
,,,0.180625,-0.00832160742720589,0.648623067798326,
,,,0.1809375,-0.00832160742720589,0.655557740654331,
,,,0.18125,-0.00832160742720589,0.6592562328442,
,,,0.1815625,-0.00832160742720589,0.660180855891667,
,,,0.181875,-0.00832160742720589,0.658331609796733,
,,,0.1821875,-0.00832160742720589,0.652783871511929,
,,,0.1825,-0.00832160742720589,0.643999952560989,
,,,0.1828125,-0.00832160742720589,0.633829099038849,
,,,0.183125,-0.00832160742720589,0.619035130279372,
,,,0.1834375,-0.00832160742720589,0.601004980853759,
,,,0.18375,-0.00832160742720589,0.578351716190809,
,,,0.1840625,-0.00832160742720589,0.552462270861724,
,,,0.184375,-0.00832160742720589,0.525648202485172,
,,,0.1846875,-0.00832160742720589,0.494211018871283,
,,,0.185,-0.00832160742720589,0.462311523733661,
,,,0.1853125,-0.00832160742720589,0.429025094024837,
,,,0.185625,-0.00878391895093955,0.394814041268546,
,,,0.1859375,-0.00878391895093955,0.36245223460719,
,,,0.18625,-0.00878391895093955,0.331015050993301,
,,,0.1865625,-0.00878391895093955,0.298190932808211,
,,,0.186875,-0.00832160742720589,0.267678372241789,
,,,0.1871875,-0.00878391895093955,0.240401992341504,
,,,0.1875,-0.00832160742720589,0.21220098939375,
,,,0.1878125,-0.00832160742720589,0.185386921017198,
,,,0.188125,-0.00832160742720589,0.159497475688113,
,,,0.1884375,-0.00832160742720589,0.135919587977696,
,,,0.18875,-0.00832160742720589,0.113266323314747,
,,,0.1890625,-0.00832160742720589,0.0910753701755311,
,,,0.189375,-0.00832160742720589,0.0698090400837827,
,,,0.1896875,-0.00878391895093955,0.0494673330395017,
,,,0.19,-0.00878391895093955,0.0309748720901553,
,,,0.1903125,-0.00878391895093955,0.0120200996170752,
,,,0.190625,-0.00878391895093955,-0.00739698437973857,
,,,0.1909375,-0.00878391895093955,-0.027276379900286,
,,,0.19125,-0.00832160742720589,-0.0462311523733661,
,,,0.1915625,-0.00832160742720589,-0.0665728594176471,
,,,0.191875,-0.00832160742720589,-0.0878391895093955,
,,,0.1921875,-0.00832160742720589,-0.10864320807741,
,,,0.1925,-0.00878391895093955,-0.131758784264093,
,,,0.1928125,-0.00878391895093955,-0.156723606545711,
,,,0.193125,-0.00878391895093955,-0.182613051874796,
,,,0.1934375,-0.00878391895093955,-0.20711556263268,
,,,0.19375,-0.00878391895093955,-0.235316565580433,
,,,0.1940625,-0.00878391895093955,-0.264442191575654,
,,,0.194375,-0.00878391895093955,-0.296341686713276,
,,,0.1946875,-0.00878391895093955,-0.328703493374633,
,,,0.195,-0.00878391895093955,-0.361989923083456,
,,,0.1953125,-0.00878391895093955,-0.395738664316013,
,,,0.195625,-0.00878391895093955,-0.431336651643505,
,,,0.1959375,-0.00878391895093955,-0.467859262018465,
,,,0.19625,-0.00924623047467321,-0.50391956086969,
,,,0.1965625,-0.00878391895093955,-0.538592925149715,
,,,0.196875,-0.00878391895093955,-0.570954731811071,
,,,0.1971875,-0.00878391895093955,-0.601467292377492,
,,,0.1975,-0.00832160742720589,-0.629205983801512,
,,,0.1978125,-0.00832160742720589,-0.653708494559396,
,,,0.198125,-0.00878391895093955,-0.672663267032476,
,,,0.1984375,-0.00878391895093955,-0.687919547315687,
,,,0.19875,-0.00878391895093955,-0.700401958456496,
,,,0.1990625,-0.00924623047467321,-0.708723565883702,
,,,0.199375,-0.00878391895093955,-0.714733615692239,
,,,0.1996875,-0.00924623047467321,-0.715195927215973,
,,,0.2,-0.00924623047467321,-0.714271304168506,
,,,0.2003125,-0.00924623047467321,-0.706874319788767,
,,,0.200625,-0.00878391895093955,-0.696703466266626,
,,,0.2009375,-0.00878391895093955,-0.683758743602084,
,,,0.20125,-0.00832160742720589,-0.665728594176471,
,,,0.2015625,-0.00878391895093955,-0.643075329513522,
,,,0.201875,-0.00878391895093955,-0.618110507231904,
,,,0.2021875,-0.00878391895093955,-0.591296438855352,
,,,0.2025,-0.00878391895093955,-0.558934632193996,
,,,0.2028125,-0.00878391895093955,-0.523336644866504,
,,,0.203125,-0.00878391895093955,-0.490512526681414,
,,,0.2034375,-0.00878391895093955,-0.457688408496324,
,,,0.20375,-0.00878391895093955,-0.424864290311234,
,,,0.2040625,-0.00832160742720589,-0.392964795173611,
,,,0.204375,-0.00878391895093955,-0.362914546130924,
,,,0.2046875,-0.00832160742720589,-0.336562789278105,
,,,0.205,-0.00832160742720589,-0.311135655472754,
,,,0.2053125,-0.00832160742720589,-0.286170833191136,
,,,0.205625,-0.00878391895093955,-0.26397988005192,
,,,0.2059375,-0.00832160742720589,-0.245487419102574,
,,,0.20625,-0.00878391895093955,-0.225608023582026,
,,,0.2065625,-0.00878391895093955,-0.208502497203881,
,,,0.206875,-0.00832160742720589,-0.191859282349469,
,,,0.2071875,-0.00878391895093955,-0.178452248161193,
,,,0.2075,-0.00832160742720589,-0.166894460067851,
,,,0.2078125,-0.00832160742720589,-0.154412048927043,
,,,0.208125,-0.00832160742720589,-0.143316572357435,
,,,0.2084375,-0.00832160742720589,-0.133608030359028,
,,,0.20875,-0.00832160742720589,-0.124824111408088,
,,,0.2090625,-0.00832160742720589,-0.116040192457149,
,,,0.209375,-0.00832160742720589,-0.108180896553677,
,,,0.2096875,-0.00832160742720589,-0.101708535221405,
,,,0.21,-0.00878391895093955,-0.0956984854128677,
,,,0.2103125,-0.00878391895093955,-0.0906130586517975,
,,,0.210625,-0.00878391895093955,-0.0836783857957926,
,,,0.2109375,-0.00832160742720589,-0.0785929590347223,
,,,0.21125,-0.00832160742720589,-0.074894466844853,
,,,0.2115625,-0.00832160742720589,-0.0698090400837827,
,,,0.211875,-0.00832160742720589,-0.0665728594176471,
,,,0.2121875,-0.00832160742720589,-0.0624120557040442,
,,,0.2125,-0.00832160742720589,-0.0605628096091095,
,,,0.2128125,-0.00832160742720589,-0.0591758750379086,
,,,0.213125,-0.00878391895093955,-0.0564020058955066,
,,,0.2134375,-0.00878391895093955,-0.0540904482768383,
,,,0.21375,-0.00832160742720589,-0.0508542676107027,
,,,0.2140625,-0.00832160742720589,-0.0480803984683007,
,,,0.214375,-0.00832160742720589,-0.0457688408496324,
,,,0.2146875,-0.00832160742720589,-0.0429949717072304,
,,,0.215,-0.00832160742720589,-0.0411457256122958,
,,,0.2153125,-0.00832160742720589,-0.0383718564698938,
,,,0.215625,-0.00832160742720589,-0.0355979873274919,
,,,0.2159375,-0.00832160742720589,-0.0332864297088236,
,,,0.21625,-0.00878391895093955,-0.0323618066613562,
,,,0.2165625,-0.00832160742720589,-0.0314371836138889,
,,,0.216875,-0.00832160742720589,-0.028663314471487,
,,,0.2171875,-0.00832160742720589,-0.0291256259952206,
,,,0.2175,-0.00832160742720589,-0.027276379900286,
,,,0.2178125,-0.00832160742720589,-0.0249648222816177,
,,,0.218125,-0.00832160742720589,-0.0240401992341504,
,,,0.2184375,-0.00832160742720589,-0.0221909531392157,
,,,0.21875,-0.00832160742720589,-0.0212663300917484,
,,,0.2190625,-0.00832160742720589,-0.0198793955205474,
,,,0.219375,-0.00832160742720589,-0.0189547724730801,
,,,0.2196875,-0.00832160742720589,-0.0194170839968137,
,,,0.22,-0.00832160742720589,-0.0175678379018791,
,,,0.2203125,-0.00878391895093955,-0.0180301494256128,
,,,0.220625,-0.00878391895093955,-0.0171055263781454,
,,,0.2209375,-0.00832160742720589,-0.0161809033306781,
,,,0.22125,-0.00832160742720589,-0.0152562802832108,
,,,0.2215625,-0.00832160742720589,-0.0143316572357435,
,,,0.221875,-0.00832160742720589,-0.0152562802832108,
,,,0.2221875,-0.00832160742720589,-0.0138693457120098,
,,,0.2225,-0.00878391895093955,-0.0129447226645425,
,,,0.2228125,-0.00878391895093955,-0.0110954765696079,
,,,0.223125,-0.00878391895093955,-0.0106331650458742,
,,,0.2234375,-0.00832160742720589,-0.0110954765696079,
,,,0.22375,-0.00832160742720589,-0.00970854199840687,
,,,0.2240625,-0.00832160742720589,-0.0101708535221405,
,,,0.224375,-0.00832160742720589,-0.0101708535221405,
,,,0.2246875,-0.00832160742720589,-0.00970854199840687,
,,,0.225,-0.00832160742720589,-0.0106331650458742,
,,,0.2253125,-0.00878391895093955,-0.0106331650458742,
,,,0.225625,-0.00878391895093955,-0.0120200996170752,
,,,0.2259375,-0.00878391895093955,-0.0120200996170752,
,,,0.22625,-0.00878391895093955,-0.0106331650458742,
,,,0.2265625,-0.00832160742720589,-0.0115577880933415,
,,,0.226875,-0.00832160742720589,-0.0115577880933415,
,,,0.2271875,-0.00878391895093955,-0.0120200996170752,
,,,0.2275,-0.00832160742720589,-0.0120200996170752,
,,,0.2278125,-0.00832160742720589,-0.0120200996170752,
,,,0.228125,-0.00832160742720589,-0.0124824111408088,
,,,0.2284375,-0.00832160742720589,-0.0120200996170752,
,,,0.22875,-0.00832160742720589,-0.0124824111408088,
,,,0.2290625,-0.00832160742720589,-0.0120200996170752,
,,,0.229375,-0.00832160742720589,-0.0124824111408088,
,,,0.2296875,-0.00832160742720589,-0.0124824111408088,
,,,0.23,-0.00878391895093955,-0.0129447226645425,
,,,0.2303125,-0.00878391895093955,-0.0124824111408088,
,,,0.230625,-0.00832160742720589,-0.0124824111408088,
,,,0.2309375,-0.00832160742720589,-0.0110954765696079,
,,,0.23125,-0.00832160742720589,-0.0120200996170752,
,,,0.2315625,-0.00878391895093955,-0.0115577880933415,
,,,0.231875,-0.00878391895093955,-0.0124824111408088,
,,,0.2321875,-0.00832160742720589,-0.0120200996170752,
,,,0.2325,-0.00878391895093955,-0.0147939687594771,
,,,0.2328125,-0.00832160742720589,-0.0147939687594771,
,,,0.233125,-0.00878391895093955,-0.0147939687594771,
,,,0.2334375,-0.00878391895093955,-0.0134070341882762,
,,,0.23375,-0.00878391895093955,-0.0129447226645425,
,,,0.2340625,-0.00832160742720589,-0.0124824111408088,
,,,0.234375,-0.00832160742720589,-0.0134070341882762,
,,,0.2346875,-0.00832160742720589,-0.0115577880933415,
,,,0.235,-0.00832160742720589,-0.0124824111408088,
,,,0.2353125,-0.00878391895093955,-0.0106331650458742,
,,,0.235625,-0.00832160742720589,-0.00970854199840687,
,,,0.2359375,-0.00878391895093955,-0.00970854199840687,
,,,0.23625,-0.00878391895093955,-0.00878391895093955,
,,,0.2365625,-0.00878391895093955,-0.00832160742720589,
,,,0.236875,-0.00832160742720589,-0.00785929590347223,
,,,0.2371875,-0.00832160742720589,-0.00832160742720589,
,,,0.2375,-0.00832160742720589,-0.00832160742720589,
,,,0.2378125,-0.00832160742720589,-0.00832160742720589,
,,,0.238125,-0.00832160742720589,-0.00739698437973857,
,,,0.2384375,-0.00832160742720589,-0.00647236133227125,
,,,0.23875,-0.00832160742720589,-0.00647236133227125,
,,,0.2390625,-0.00832160742720589,-0.00647236133227125,
,,,0.239375,-0.00832160742720589,-0.00647236133227125,
,,,0.2396875,-0.00832160742720589,-0.00647236133227125,
,,,0.24,-0.00878391895093955,-0.00647236133227125,
,,,0.2403125,-0.00878391895093955,-0.00693467285600491,
,,,0.240625,-0.00832160742720589,-0.00601004980853759,
,,,0.2409375,-0.00832160742720589,-0.00554773828480393,
,,,0.24125,-0.00832160742720589,-0.00601004980853759,
,,,0.2415625,-0.00832160742720589,-0.00508542676107027,
,,,0.241875,-0.00832160742720589,-0.00554773828480393,
,,,0.2421875,-0.00832160742720589,-0.00601004980853759,
,,,0.2425,-0.00878391895093955,-0.00416080371360295,
,,,0.2428125,-0.00878391895093955,-0.0023115576186683,
,,,0.243125,-0.00878391895093955,-0.00184924609493464,
,,,0.2434375,-0.00832160742720589,-0.00323618066613562,
,,,0.24375,-0.00832160742720589,-0.00323618066613562,
,,,0.2440625,-0.00832160742720589,-0.00323618066613562,
,,,0.244375,-0.00832160742720589,-0.00369849218986928,
,,,0.2446875,-0.00878391895093955,-0.00462311523733661,
,,,0.245,-0.00832160742720589,-0.00508542676107027,
,,,0.2453125,-0.00878391895093955,-0.00647236133227125,
,,,0.245625,-0.00878391895093955,-0.00693467285600491,
,,,0.2459375,-0.00878391895093955,-0.00693467285600491,
,,,0.24625,-0.00878391895093955,-0.00647236133227125,
,,,0.2465625,-0.00832160742720589,-0.00693467285600491,
,,,0.246875,-0.00832160742720589,-0.00785929590347223,
,,,0.2471875,-0.00832160742720589,-0.00785929590347223,
,,,0.2475,-0.00832160742720589,-0.00832160742720589,
,,,0.2478125,-0.00832160742720589,-0.00785929590347223,
,,,0.248125,-0.00832160742720589,-0.00832160742720589,
,,,0.2484375,-0.00832160742720589,-0.00878391895093955,
,,,0.24875,-0.00832160742720589,-0.00970854199840687,
,,,0.2490625,-0.00832160742720589,-0.00924623047467321,
,,,0.249375,-0.00832160742720589,-0.00970854199840687,
,,,0.2496875,-0.00832160742720589,-0.0101708535221405,
,,,0.25,-0.00878391895093955,-0.00970854199840687,
,,,0.2503125,-0.00878391895093955,-0.00924623047467321,
,,,0.250625,-0.00832160742720589,-0.0101708535221405,
,,,0.2509375,-0.00832160742720589,-0.00970854199840687,
,,,0.25125,-0.00878391895093955,-0.0101708535221405,
,,,0.2515625,-0.00832160742720589,-0.00970854199840687,
,,,0.251875,-0.00832160742720589,-0.00924623047467321,
,,,0.2521875,-0.00878391895093955,-0.0106331650458742,
,,,0.2525,-0.00878391895093955,-0.0129447226645425,
,,,0.2528125,-0.00832160742720589,-0.0110954765696079,
,,,0.253125,-0.00878391895093955,-0.0110954765696079,
,,,0.2534375,-0.00878391895093955,-0.0124824111408088,
,,,0.25375,-0.00878391895093955,-0.0110954765696079,
,,,0.2540625,-0.00832160742720589,-0.0115577880933415,
,,,0.254375,-0.00832160742720589,-0.0124824111408088,
,,,0.2546875,-0.00878391895093955,-0.0106331650458742,
,,,0.255,-0.00832160742720589,-0.0106331650458742,
,,,0.2553125,-0.00878391895093955,-0.00924623047467321,
,,,0.255625,-0.00878391895093955,-0.00832160742720589,
,,,0.2559375,-0.00878391895093955,-0.00739698437973857,
,,,0.25625,-0.00878391895093955,-0.00785929590347223,
,,,0.2565625,-0.00832160742720589,-0.00693467285600491,
,,,0.256875,-0.00832160742720589,-0.00693467285600491,
,,,0.2571875,-0.00832160742720589,-0.00785929590347223,
,,,0.2575,-0.00832160742720589,-0.00785929590347223,
,,,0.2578125,-0.00832160742720589,-0.00739698437973857,
,,,0.258125,-0.00832160742720589,-0.00647236133227125,
,,,0.2584375,-0.00832160742720589,-0.00554773828480393,
,,,0.25875,-0.00832160742720589,-0.00554773828480393,
,,,0.2590625,-0.00832160742720589,-0.00601004980853759,
,,,0.259375,-0.00832160742720589,-0.00508542676107027,
,,,0.2596875,-0.00832160742720589,-0.00508542676107027,
,,,0.26,-0.00878391895093955,-0.00601004980853759,
,,,0.2603125,-0.00832160742720589,-0.00462311523733661,
,,,0.260625,-0.00832160742720589,-0.00462311523733661,
,,,0.2609375,-0.00832160742720589,-0.00416080371360295,
,,,0.26125,-0.00832160742720589,-0.00369849218986928,
,,,0.2615625,-0.00832160742720589,-0.00416080371360295,
,,,0.261875,-0.00832160742720589,-0.00508542676107027,
,,,0.2621875,-0.00832160742720589,-0.00369849218986928,
,,,0.2625,-0.00832160742720589,-0.00323618066613562,
,,,0.2628125,-0.00832160742720589,-0.0023115576186683,
,,,0.263125,-0.00878391895093955,-0.0023115576186683,
,,,0.2634375,-0.00832160742720589,-0.00277386914240196,
,,,0.26375,-0.00832160742720589,-0.0023115576186683,
,,,0.2640625,-0.00832160742720589,-0.00277386914240196,
,,,0.264375,-0.00832160742720589,-0.00323618066613562,
,,,0.2646875,-0.00832160742720589,-0.00369849218986928,
,,,0.265,-0.00832160742720589,-0.00508542676107027,
,,,0.2653125,-0.00878391895093955,-0.00554773828480393,
,,,0.265625,-0.00878391895093955,-0.00693467285600491,
,,,0.2659375,-0.00878391895093955,-0.00693467285600491,
,,,0.26625,-0.00832160742720589,-0.00601004980853759,
,,,0.2665625,-0.00832160742720589,-0.00739698437973857,
,,,0.266875,-0.00832160742720589,-0.00693467285600491,
,,,0.2671875,-0.00878391895093955,-0.00693467285600491,
,,,0.2675,-0.00832160742720589,-0.00647236133227125,
,,,0.2678125,-0.00832160742720589,-0.00785929590347223,
